image_file,mask_file,curated_keep,status,reason,review_records,review_actions,gt_reliable_values,prediction_plausible_values
15_242_208_18_23_jpg.rf.b0029b4cb0ea1cceca909f81cd90b62e.jpg,15_242_208_18_23_jpg.rf.b0029b4cb0ea1cceca909f81cd90b62e.npz,False,label_problem,manual_label_fix_needed,1,label_problem,N,Y
15_242_208_18_9_jpg.rf.9802e96f8e362e037cf73954d90cf0ec.jpg,15_242_208_18_9_jpg.rf.9802e96f8e362e037cf73954d90cf0ec.npz,False,label_problem,manual_label_fix_needed,1,label_problem,N,Y
15_242_208_198_52_jpg.rf.9cef99188be2bec8e3a60bd7d6c47c42.jpg,15_242_208_198_52_jpg.rf.9cef99188be2bec8e3a60bd7d6c47c42.npz,False,excluded,manual_exclude_eval,1,exclude_eval,N,N
15_242_208_199_29_jpg.rf.d70ea5be159f32f2f775770b505bc235.jpg,15_242_208_199_29_jpg.rf.d70ea5be159f32f2f775770b505bc235.npz,False,excluded,manual_exclude_eval,2,exclude_eval|label_problem,N,N
15_242_208_19_13_jpg.rf.005876ff63ddc776ca366ff261023f6c.jpg,15_242_208_19_13_jpg.rf.005876ff63ddc776ca366ff261023f6c.npz,False,excluded,manual_exclude_eval,2,exclude_eval|label_problem,N,N
15_242_208_23_23_jpg.rf.79b8586dfa2203ece5169f67575f36c8.jpg,15_242_208_23_23_jpg.rf.79b8586dfa2203ece5169f67575f36c8.npz,False,label_problem,manual_label_fix_needed,1,label_problem,N,Y
15_242_208_26_27_jpg.rf.c48f7609d894e6a9afe0e6b0fd2c4651.jpg,15_242_208_26_27_jpg.rf.c48f7609d894e6a9afe0e6b0fd2c4651.npz,False,label_problem,manual_label_fix_needed,1,label_problem,Y,Y
15_242_208_27_15_jpg.rf.f39ff9403f3404fcf8abc9a8c784564c.jpg,15_242_208_27_15_jpg.rf.f39ff9403f3404fcf8abc9a8c784564c.npz,False,label_problem,manual_label_fix_needed,1,label_problem,N,Y
15_242_208_28_19_jpg.rf.b3e418c2ea0edd4fe810137d8855bbfd.jpg,15_242_208_28_19_jpg.rf.b3e418c2ea0edd4fe810137d8855bbfd.npz,False,label_problem,manual_label_fix_needed,1,label_problem,Y,Y
15_242_208_29_21_jpg.rf.cebe6cbe63df958bd61ac5779025873c.jpg,15_242_208_29_21_jpg.rf.cebe6cbe63df958bd61ac5779025873c.npz,False,label_problem,manual_label_fix_needed,1,label_problem,Y,Y
15_242_208_33_15_jpg.rf.4fae6a969fdbe99a2cc9544d797072ce.jpg,15_242_208_33_15_jpg.rf.4fae6a969fdbe99a2cc9544d797072ce.npz,False,excluded,manual_exclude_eval,2,exclude_eval|model_error,N|Y,N
15_242_208_37_20_jpg.rf.be36116b11a4033e93bfa949fdd0f1c1.jpg,15_242_208_37_20_jpg.rf.be36116b11a4033e93bfa949fdd0f1c1.npz,False,excluded,manual_exclude_eval,2,exclude_eval|model_error,N|Y,N
15_242_211_23_2_jpg.rf.27a52e732d953b33163bcab40ab58135.jpg,15_242_211_23_2_jpg.rf.27a52e732d953b33163bcab40ab58135.npz,False,label_problem,manual_label_fix_needed,1,label_problem,Y,Y
15_242_212_19_17_jpg.rf.ee63dbfeedda1f6be93416972ae99d1d.jpg,15_242_212_19_17_jpg.rf.ee63dbfeedda1f6be93416972ae99d1d.npz,False,label_problem,manual_label_fix_needed,1,label_problem,Y,Y
15_242_212_25_13_jpg.rf.b90b94b97df4bcf4cfa72ac1c7973873.jpg,15_242_212_25_13_jpg.rf.b90b94b97df4bcf4cfa72ac1c7973873.npz,False,label_problem,manual_label_fix_needed,1,label_problem,Y,Y
15_242_212_25_14_jpg.rf.b17fcf13f81341dc054581a3d964a591.jpg,15_242_212_25_14_jpg.rf.b17fcf13f81341dc054581a3d964a591.npz,False,excluded,manual_exclude_eval,2,exclude_eval|label_problem,N|Y,N|Y
16_224_603_158_53_jpg.rf.8e3c2bc3ca6bd504352849d9312bb3a1.jpg,16_224_603_158_53_jpg.rf.8e3c2bc3ca6bd504352849d9312bb3a1.npz,False,label_problem,manual_label_fix_needed,1,label_problem,N,N
16_224_604_89_44_jpg.rf.1c4655aa871631b74fb7b8095938d58d.jpg,16_224_604_89_44_jpg.rf.1c4655aa871631b74fb7b8095938d58d.npz,False,excluded,manual_exclude_eval,2,exclude_eval|label_problem,N,N|Y
16_224_604_89_60_jpg.rf.816dfc532ae7b75a7c11a02f5aa3a086.jpg,16_224_604_89_60_jpg.rf.816dfc532ae7b75a7c11a02f5aa3a086.npz,False,label_problem,manual_label_fix_needed,2,label_problem|model_error,N|Y,N|Y
16_224_604_90_12_jpg.rf.af7285b66502b1dc78bc7ba05ebef92c.jpg,16_224_604_90_12_jpg.rf.af7285b66502b1dc78bc7ba05ebef92c.npz,False,label_problem,manual_label_fix_needed,2,label_problem|model_error,Y,N
16_253_308_19_15_jpg.rf.89cbb1ce0a425c5dbe966db95ff03ce0.jpg,16_253_308_19_15_jpg.rf.89cbb1ce0a425c5dbe966db95ff03ce0.npz,False,label_problem,manual_label_fix_needed,1,label_problem,Y,Y
16_253_308_22_9_jpg.rf.61baf2c77bea3451155cf994f45da1ce.jpg,16_253_308_22_9_jpg.rf.61baf2c77bea3451155cf994f45da1ce.npz,False,label_problem,manual_label_fix_needed,1,label_problem,Y,Y
16_253_308_23_15_jpg.rf.29f0209fdf4639b52f9d236ecd950184.jpg,16_253_308_23_15_jpg.rf.29f0209fdf4639b52f9d236ecd950184.npz,False,label_problem,manual_label_fix_needed,1,label_problem,N,N
17_209_102_11_14_jpg.rf.3986c772b6029446f6a7275fc3cf37c0.jpg,17_209_102_11_14_jpg.rf.3986c772b6029446f6a7275fc3cf37c0.npz,False,excluded,manual_exclude_eval,1,exclude_eval,N,N
17_209_102_11_26_jpg.rf.f50aa16b394d2da49df557686ad790ff.jpg,17_209_102_11_26_jpg.rf.f50aa16b394d2da49df557686ad790ff.npz,False,excluded,manual_exclude_eval,2,exclude_eval,N,N
17_209_102_11_33_jpg.rf.c3385d79005679eae408cc54e580db0d.jpg,17_209_102_11_33_jpg.rf.c3385d79005679eae408cc54e580db0d.npz,False,excluded,manual_exclude_eval,2,exclude_eval,N,N
17_209_102_8_32_jpg.rf.85215ba036b56350f7579a10f57c8dac.jpg,17_209_102_8_32_jpg.rf.85215ba036b56350f7579a10f57c8dac.npz,False,excluded,manual_exclude_eval,2,exclude_eval|label_problem,N,N|Y
17_234_102_12_8_jpg.rf.73f970e38f2813c483f46126c6ab2274.jpg,17_234_102_12_8_jpg.rf.73f970e38f2813c483f46126c6ab2274.npz,False,excluded,manual_exclude_eval,2,exclude_eval,N,N
17_234_102_13_8_jpg.rf.10a0b87f022b4a46bbc1170f7b383e15.jpg,17_234_102_13_8_jpg.rf.10a0b87f022b4a46bbc1170f7b383e15.npz,False,excluded,manual_exclude_eval,1,exclude_eval,N,N
18_211_205_5_16_jpg.rf.bf75a638c36cfdcad8a3daab413ff30c.jpg,18_211_205_5_16_jpg.rf.bf75a638c36cfdcad8a3daab413ff30c.npz,False,label_problem,manual_label_fix_needed,2,label_problem,N,N
18_211_205_7_11_jpg.rf.c8be159c788fd072b5446c080ad28528.jpg,18_211_205_7_11_jpg.rf.c8be159c788fd072b5446c080ad28528.npz,False,label_problem,manual_label_fix_needed,1,label_problem,N,N
18_211_205_7_12_jpg.rf.8c92cb9a4fe031c99f0c387c55e920e7.jpg,18_211_205_7_12_jpg.rf.8c92cb9a4fe031c99f0c387c55e920e7.npz,False,excluded,manual_exclude_eval,2,exclude_eval|label_problem,N,N|Y
18_211_Masson_205_110_82_jpg.rf.9d0a6e21bf0890d9e2042c4c57225005.jpg,18_211_Masson_205_110_82_jpg.rf.9d0a6e21bf0890d9e2042c4c57225005.npz,False,excluded,manual_exclude_eval,2,exclude_eval|model_error,N|Y,N
18_211_Masson_205_111_11_jpg.rf.7ba64ac64c3cdaf10077a8159b26a06d.jpg,18_211_Masson_205_111_11_jpg.rf.7ba64ac64c3cdaf10077a8159b26a06d.npz,False,excluded,manual_exclude_eval,2,exclude_eval|label_problem,N|Y,N
18_211_Masson_205_111_30_jpg.rf.7de7985bf4873c45635a173331d08769.jpg,18_211_Masson_205_111_30_jpg.rf.7de7985bf4873c45635a173331d08769.npz,False,excluded,manual_exclude_eval,2,exclude_eval|model_error,N|Y,N|Y
18_211_Masson_205_38_84_jpg.rf.509a2761242e8cace996363a8ff4a1d6.jpg,18_211_Masson_205_38_84_jpg.rf.509a2761242e8cace996363a8ff4a1d6.npz,False,label_problem,manual_label_fix_needed,1,label_problem,N,Y
18_211_Masson_205_39_52_jpg.rf.71e2fdd65ac5f70803bae820733f335a.jpg,18_211_Masson_205_39_52_jpg.rf.71e2fdd65ac5f70803bae820733f335a.npz,False,excluded,manual_exclude_eval,2,exclude_eval|model_error,N|Y,N
18_211_Masson_208_100_82_jpg.rf.ec616ab18fc7229dd018e252a412ea7a.jpg,18_211_Masson_208_100_82_jpg.rf.ec616ab18fc7229dd018e252a412ea7a.npz,False,label_problem,manual_label_fix_needed,2,label_problem|model_error,Y,N
18_211_Masson_208_6_19_jpg.rf.99fad3748098aec92bfe5b26082680e5.jpg,18_211_Masson_208_6_19_jpg.rf.99fad3748098aec92bfe5b26082680e5.npz,False,label_problem,manual_label_fix_needed,2,label_problem,N,N|Y
18_217_116_55_6_jpg.rf.232e013e40d23ef908ea74d3ec2fd805.jpg,18_217_116_55_6_jpg.rf.232e013e40d23ef908ea74d3ec2fd805.npz,False,label_problem,manual_label_fix_needed,2,label_problem,N,Y
18_217_217_45_24_jpg.rf.19d20d929704ca3c2cfa4024da3a27d4.jpg,18_217_217_45_24_jpg.rf.19d20d929704ca3c2cfa4024da3a27d4.npz,False,excluded,manual_exclude_eval,2,exclude_eval|label_problem,N,N
18_217_217_51_34_jpg.rf.0cbbda9693b4bcd8f357dcb1814b5589.jpg,18_217_217_51_34_jpg.rf.0cbbda9693b4bcd8f357dcb1814b5589.npz,False,excluded,manual_exclude_eval,2,exclude_eval,N,N
18_217_217_54_29_jpg.rf.4a9f56f446c32da9ecbd3065f039177f.jpg,18_217_217_54_29_jpg.rf.4a9f56f446c32da9ecbd3065f039177f.npz,False,label_problem,manual_label_fix_needed,2,label_problem|model_error,N|Y,N
18_217_217_55_23_jpg.rf.974e159066bb398b14dcac6ae662f2f0.jpg,18_217_217_55_23_jpg.rf.974e159066bb398b14dcac6ae662f2f0.npz,False,excluded,manual_exclude_eval,2,exclude_eval,N,N
18_217_217_57_2_jpg.rf.15a9f44f3a7d6b8ac4a0be06e9aed387.jpg,18_217_217_57_2_jpg.rf.15a9f44f3a7d6b8ac4a0be06e9aed387.npz,False,excluded,manual_exclude_eval,2,exclude_eval,N,N
18_217_217_61_27_jpg.rf.b3c0adb19d25f89036e0a6dc746efd24.jpg,18_217_217_61_27_jpg.rf.b3c0adb19d25f89036e0a6dc746efd24.npz,False,excluded,manual_exclude_eval,1,exclude_eval,N,N
18_217_217_64_8_jpg.rf.2346b57fe5cdee5bb0ec36d84d4147a4.jpg,18_217_217_64_8_jpg.rf.2346b57fe5cdee5bb0ec36d84d4147a4.npz,False,excluded,manual_exclude_eval,2,exclude_eval|model_error,N|Y,N
18_217_218_52_33_jpg.rf.8a38c3573034896f56192b5bc2ff7a6a.jpg,18_217_218_52_33_jpg.rf.8a38c3573034896f56192b5bc2ff7a6a.npz,False,excluded,manual_exclude_eval,2,exclude_eval,N,N
18_217_218_55_25_jpg.rf.13dfb199f9f32127fd1690aa97aca9d2.jpg,18_217_218_55_25_jpg.rf.13dfb199f9f32127fd1690aa97aca9d2.npz,False,excluded,manual_exclude_eval,1,exclude_eval,N,N
18_217_218_56_18_jpg.rf.0bdb38e5e64ac8243f62e3df3b3add0d.jpg,18_217_218_56_18_jpg.rf.0bdb38e5e64ac8243f62e3df3b3add0d.npz,False,excluded,manual_exclude_eval,1,exclude_eval,N,N
18_217_218_57_33_jpg.rf.a65c5b35ed11e203eb715e66c213841c.jpg,18_217_218_57_33_jpg.rf.a65c5b35ed11e203eb715e66c213841c.npz,False,excluded,manual_exclude_eval,1,exclude_eval,N,N
18_217_219_20_5_jpg.rf.07d12ba15ce90dc39fa918367081cf5a.jpg,18_217_219_20_5_jpg.rf.07d12ba15ce90dc39fa918367081cf5a.npz,False,excluded,manual_exclude_eval,1,exclude_eval,N,N
18_217_219_70_14_jpg.rf.f47c55fb85fc29a0d1886856c91b3c15.jpg,18_217_219_70_14_jpg.rf.f47c55fb85fc29a0d1886856c91b3c15.npz,False,excluded,manual_exclude_eval,1,exclude_eval,N,N
18_217_219_70_9_jpg.rf.c5f37ee0288beefd1ae84664a26e7f2b.jpg,18_217_219_70_9_jpg.rf.c5f37ee0288beefd1ae84664a26e7f2b.npz,False,label_problem,manual_label_fix_needed,2,label_problem|model_error,Y,N
18_217_219_71_21_jpg.rf.de3b8fdc047546eefbb5deede4af3ed4.jpg,18_217_219_71_21_jpg.rf.de3b8fdc047546eefbb5deede4af3ed4.npz,False,label_problem,manual_label_fix_needed,1,label_problem,N,N
18_219_203_58_16_jpg.rf.a5cb29ddc2df6717d03abb74f87a5748.jpg,18_219_203_58_16_jpg.rf.a5cb29ddc2df6717d03abb74f87a5748.npz,False,label_problem,manual_label_fix_needed,2,label_problem|model_error,Y,N|Y
18_219_203_63_10_jpg.rf.e6cac2b1606ec539812635e2eb32325e.jpg,18_219_203_63_10_jpg.rf.e6cac2b1606ec539812635e2eb32325e.npz,False,label_problem,manual_label_fix_needed,2,label_problem,N,N
18_219_208_51_7_jpg.rf.1fc59ab51cecc5fe958ac926ba498eb3.jpg,18_219_208_51_7_jpg.rf.1fc59ab51cecc5fe958ac926ba498eb3.npz,False,excluded,manual_exclude_eval,2,exclude_eval,N,N
18_228_Masson_207_34_34_jpg.rf.9aa889af224ad59a3879689cc9e83abf.jpg,18_228_Masson_207_34_34_jpg.rf.9aa889af224ad59a3879689cc9e83abf.npz,False,label_problem,manual_label_fix_needed,2,label_problem|model_error,N|Y,N
18_228_Masson_208_68_37_jpg.rf.352283a3c9d3d789255a9d0407ceee79.jpg,18_228_Masson_208_68_37_jpg.rf.352283a3c9d3d789255a9d0407ceee79.npz,False,label_problem,manual_label_fix_needed,2,label_problem|model_error,N|Y,N
18_228_Masson_505_102_39_jpg.rf.31aa4d6ba0582421c0edab79cd330489.jpg,18_228_Masson_505_102_39_jpg.rf.31aa4d6ba0582421c0edab79cd330489.npz,False,label_problem,manual_label_fix_needed,3,label_problem|review_note,N|Y,N|Y
18_228_Masson_505_103_28_jpg.rf.821b502ea142265abc01ebf709cb9c7d.jpg,18_228_Masson_505_103_28_jpg.rf.821b502ea142265abc01ebf709cb9c7d.npz,False,label_problem,manual_label_fix_needed,1,label_problem,N,N
18_228_Masson_505_83_23_jpg.rf.db7885970b58dfa425f6496daac21f24.jpg,18_228_Masson_505_83_23_jpg.rf.db7885970b58dfa425f6496daac21f24.npz,False,label_problem,manual_label_fix_needed,1,label_problem,N,N
18_228_Masson_505_94_26_jpg.rf.b20540be68e3249a6278e95ec65282fa.jpg,18_228_Masson_505_94_26_jpg.rf.b20540be68e3249a6278e95ec65282fa.npz,False,gt_unreliable,gt_reliable_N,1,threshold_check,N,可疑
18_229_Masson_201_107_1_jpg.rf.f795ff384f96d1203a9e921449d8eb5f.jpg,18_229_Masson_201_107_1_jpg.rf.f795ff384f96d1203a9e921449d8eb5f.npz,False,label_problem,manual_label_fix_needed,2,label_problem|model_error,N|Y,N
18_229_Masson_201_83_26_jpg.rf.d6bc700db21a97e293e3734dedaa71bb.jpg,18_229_Masson_201_83_26_jpg.rf.d6bc700db21a97e293e3734dedaa71bb.npz,False,label_problem,manual_label_fix_needed,1,label_problem,N,Y
18_229_Masson_202_11_24_jpg.rf.43a3aef54b2a0f2b991cc911eaf0068d.jpg,18_229_Masson_202_11_24_jpg.rf.43a3aef54b2a0f2b991cc911eaf0068d.npz,False,label_problem,manual_label_fix_needed,1,label_problem,N,Y
18_229_Masson_202_20_40_jpg.rf.a9a0a7889ce00b0ca1084a848e7e3f6a.jpg,18_229_Masson_202_20_40_jpg.rf.a9a0a7889ce00b0ca1084a848e7e3f6a.npz,False,gt_unreliable,gt_reliable_N,1,threshold_check,N,可疑
18_229_Masson_202_23_33_jpg.rf.e48db761d420c016d46139f1fd4c6afe.jpg,18_229_Masson_202_23_33_jpg.rf.e48db761d420c016d46139f1fd4c6afe.npz,False,label_problem,manual_label_fix_needed,1,label_problem,N,N
18_229_Masson_203_4_20_jpg.rf.89ebd8bf295b75552e44bf99a4cd2693.jpg,18_229_Masson_203_4_20_jpg.rf.89ebd8bf295b75552e44bf99a4cd2693.npz,False,label_problem,manual_label_fix_needed,1,label_problem,N,Y
18_236_203_76_7_jpg.rf.6afa5a608a138c47749f0a1ad6f40603.jpg,18_236_203_76_7_jpg.rf.6afa5a608a138c47749f0a1ad6f40603.npz,False,label_problem,manual_label_fix_needed,2,label_problem,N,Y
19_212_D1208_25_5_jpg.rf.783f87034828205be8a76c5dd318e40e.jpg,19_212_D1208_25_5_jpg.rf.783f87034828205be8a76c5dd318e40e.npz,False,excluded,manual_exclude_eval,1,exclude_eval,N,N
19_212_D1208_29_2_jpg.rf.fd4788a6a5b62df5836e0b94cde1f837.jpg,19_212_D1208_29_2_jpg.rf.fd4788a6a5b62df5836e0b94cde1f837.npz,False,excluded,manual_exclude_eval,2,exclude_eval|label_problem,N,N
19_212_E1202_21_2_jpg.rf.c544e586bb7f5d019efbc173085aab11.jpg,19_212_E1202_21_2_jpg.rf.c544e586bb7f5d019efbc173085aab11.npz,False,label_problem,manual_label_fix_needed,1,label_problem,Y,Y
201_10_4_3_jpg.rf.b86deef6db6fc886c697803ee4230c6b.jpg,201_10_4_3_jpg.rf.b86deef6db6fc886c697803ee4230c6b.npz,False,label_problem,manual_label_fix_needed,2,label_problem,N,N|Y
201_10_7_19_jpg.rf.b3254b60fc48ec22409adaff3bec9a1a.jpg,201_10_7_19_jpg.rf.b3254b60fc48ec22409adaff3bec9a1a.npz,False,gt_unreliable,gt_reliable_N,1,review_note,N,Y
201_10_9_51_jpg.rf.c270d6205043a829f2478a397a01f3a4.jpg,201_10_9_51_jpg.rf.c270d6205043a829f2478a397a01f3a4.npz,False,excluded,manual_exclude_eval,2,exclude_eval|model_error,N|Y,N
201_2_10_15_jpg.rf.0560080e8c1766439fcd64de2f28e60f.jpg,201_2_10_15_jpg.rf.0560080e8c1766439fcd64de2f28e60f.npz,False,label_problem,manual_label_fix_needed,1,label_problem,N,Y
201_2_20_47_jpg.rf.5cab5e7a65d8284fcce53dd9bb345531.jpg,201_2_20_47_jpg.rf.5cab5e7a65d8284fcce53dd9bb345531.npz,False,label_problem,manual_label_fix_needed,1,label_problem,N,Y
201_6_10_3_jpg.rf.4bfd95f19e2a066661cef4e52bf14ff4.jpg,201_6_10_3_jpg.rf.4bfd95f19e2a066661cef4e52bf14ff4.npz,False,label_problem,manual_label_fix_needed,2,label_problem|model_error,N|Y,N
201_8_18_54_jpg.rf.f0f2fcdfb3c2d7586e43177e14bb6f88.jpg,201_8_18_54_jpg.rf.f0f2fcdfb3c2d7586e43177e14bb6f88.npz,False,label_problem,manual_label_fix_needed,1,label_problem,N,Y
202_2_8_24_jpg.rf.742a09af0e3d100c6741d0571df8c8b3.jpg,202_2_8_24_jpg.rf.742a09af0e3d100c6741d0571df8c8b3.npz,False,label_problem,manual_label_fix_needed,1,label_problem,N,Y
202_6_19_21_jpg.rf.fcfa50a794a9fec5778b8ca275dd7dc9.jpg,202_6_19_21_jpg.rf.fcfa50a794a9fec5778b8ca275dd7dc9.npz,False,label_problem,manual_label_fix_needed,1,label_problem,N,Y
204_1_17_52_jpg.rf.fa3d86bef83e1c6cb6d68fe92992d0c8.jpg,204_1_17_52_jpg.rf.fa3d86bef83e1c6cb6d68fe92992d0c8.npz,False,label_problem,manual_label_fix_needed,1,label_problem,N,Y
207_1_10_27_jpg.rf.c8a89bc059b7255c1c1195b48d41ade1.jpg,207_1_10_27_jpg.rf.c8a89bc059b7255c1c1195b48d41ade1.npz,False,label_problem,manual_label_fix_needed,1,label_problem,N,Y
207_1_8_49_jpg.rf.2d7813e52527671f456238d3d26f7e47.jpg,207_1_8_49_jpg.rf.2d7813e52527671f456238d3d26f7e47.npz,False,label_problem,manual_label_fix_needed,1,label_problem,N,Y
207_2_8_35_jpg.rf.7346b51adfb23c3a1e6b9aac53563c24.jpg,207_2_8_35_jpg.rf.7346b51adfb23c3a1e6b9aac53563c24.npz,False,label_problem,manual_label_fix_needed,1,label_problem,N,Y
207_7_17_9_jpg.rf.317a38bc9deaf153457cbe85c33bbe71.jpg,207_7_17_9_jpg.rf.317a38bc9deaf153457cbe85c33bbe71.npz,False,label_problem,manual_label_fix_needed,1,label_problem,N,Y
207_7_18_53_jpg.rf.1737d97214aa64ae2fdf5ac9937471bb.jpg,207_7_18_53_jpg.rf.1737d97214aa64ae2fdf5ac9937471bb.npz,False,label_problem,manual_label_fix_needed,2,label_problem|model_error,N|Y,N
208_4_14_6_jpg.rf.4766855e1574d9306fdfec0015b5cfbf.jpg,208_4_14_6_jpg.rf.4766855e1574d9306fdfec0015b5cfbf.npz,False,label_problem,manual_label_fix_needed,1,label_problem,N,Y
208_7_16_16_jpg.rf.ceb82088e7dc1a560c4a1357966f2017.jpg,208_7_16_16_jpg.rf.ceb82088e7dc1a560c4a1357966f2017.npz,False,label_problem,manual_label_fix_needed,1,label_problem,N,Y
208_7_8_17_jpg.rf.d530bdbac66c6066c88a4d2a415c8e7d.jpg,208_7_8_17_jpg.rf.d530bdbac66c6066c88a4d2a415c8e7d.npz,False,gt_unreliable,gt_reliable_N,1,model_error,N,Y
213_2_12_63_jpg.rf.bb12d2cfa0a561c6c4f007ff2e4d7476.jpg,213_2_12_63_jpg.rf.bb12d2cfa0a561c6c4f007ff2e4d7476.npz,False,label_problem,manual_label_fix_needed,2,label_problem|model_error,N|Y,N
301_0_8_53_jpg.rf.f261a75a931c5d6c17bf7f52eae25ea5.jpg,301_0_8_53_jpg.rf.f261a75a931c5d6c17bf7f52eae25ea5.npz,False,label_problem,manual_label_fix_needed,2,label_problem|model_error,N|Y,N|Y
303_6_12_27_jpg.rf.56b1a97d9ed421c4149b42f08be6fa38.jpg,303_6_12_27_jpg.rf.56b1a97d9ed421c4149b42f08be6fa38.npz,False,label_problem,manual_label_fix_needed,1,label_problem,N,Y
