review_group,review_order,image_file,mask_file,tta_overall_dice,no_tta_overall_dice,tta_minus_no_tta,auto_hint,manual_error_type,gt_reliable,prediction_medically_plausible,suggest_fix_label,reviewer,notes,tta_panel_package_path,no_tta_panel_package_path,tta_rank_by_worst,tta_overall_jaccard,no_tta_overall_jaccard,class_0_dice,class_0_jaccard,class_0_fp_pixels,class_0_fn_pixels,class_0_true_pixels,class_0_pred_pixels,class_0_prob_mean,class_1_dice,class_1_jaccard,class_1_fp_pixels,class_1_fn_pixels,class_1_true_pixels,class_1_pred_pixels,class_1_prob_mean,class_2_dice,class_2_jaccard,class_2_fp_pixels,class_2_fn_pixels,class_2_true_pixels,class_2_pred_pixels,class_2_prob_mean,class_3_dice,class_3_jaccard,class_3_fp_pixels,class_3_fn_pixels,class_3_true_pixels,class_3_pred_pixels,class_3_prob_mean,tta_panel_available,no_tta_panel_available
01_tta_worst,1,201_3_22_52_jpg.rf.a0a0484c47c5cf11c5e1d34d2e5da7b8.jpg,201_3_22_52_jpg.rf.a0a0484c47c5cf11c5e1d34d2e5da7b8.npz,2.3908573038022799E-11,0.200987339019775,-0.20098733899999999,D_check_TTA_harm,A,N,Y,Y,,脂肪变部分空泡漏标,E:\project\ORO\runsTemp\manual_review_package_20260724\images\01_tta_worst\001_tta_001_dice_0.0000_201_3_22_52_jpg.rf.a0a0484c47c5cf11c5e1d34d2e5da7b8.jpg,,1,2.3908573038022799E-11,0.11172091960906901,1,1,0,0,0,0,2.8037299999999999E-4,1,1,0,0,0,0,3.5144899999999999E-4,1,1,0,0,0,0,1.7347200000000001E-4,2.3908573038022799E-11,2.3908573038022799E-11,36572,5254,5254,36572,0.15731725096702501,yes,no
01_tta_worst,2,201_4_17_30_jpg.rf.0e9c0c3d5ac9b736e2bb3778417cadec.jpg,201_4_17_30_jpg.rf.0e9c0c3d5ac9b736e2bb3778417cadec.npz,3.3920151409905198E-11,3.3488496697930898E-11,4.3165471197426E-13,A_B_E_check_hard_miss_or_threshold,A,N,N,Y,,脂肪变部分空泡漏标,E:\project\ORO\runsTemp\manual_review_package_20260724\images\01_tta_worst\002_tta_002_dice_0.0000_201_4_17_30_jpg.rf.0e9c0c3d5ac9b736e2bb3778417cadec.jpg,E:\project\ORO\runsTemp\manual_review_package_20260724\images\01_tta_worst\002_no_tta_003_dice_0.0000_201_4_17_30_jpg.rf.0e9c0c3d5ac9b736e2bb3778417cadec.jpg,2,3.3920151409905198E-11,3.3488496697930898E-11,1,1,0,0,0,0,2.9185600000000001E-4,1,1,0,0,0,0,3.5060799999999997E-4,1,1,0,0,0,0,1.7025100000000001E-4,3.3920151409905198E-11,3.3920151409905198E-11,3,29478,29478,3,2.2730138152837701E-2,yes,yes
01_tta_worst,3,19_212_E1202_17_8_jpg.rf.9e7b4a760b91e590511affcac37f803d.jpg,19_212_E1202_17_8_jpg.rf.9e7b4a760b91e590511affcac37f803d.npz,3.43985430417692E-11,3.1658592414274202E-11,2.7399506274949902E-12,A_B_E_check_hard_miss_or_threshold,A,N,N,Y,,标注不典型，漏标炎细胞，脂肪变,E:\project\ORO\runsTemp\manual_review_package_20260724\images\01_tta_worst\003_tta_003_dice_0.0000_19_212_E1202_17_8_jpg.rf.9e7b4a760b91e590511affcac37f803d.jpg,E:\project\ORO\runsTemp\manual_review_package_20260724\images\01_tta_worst\003_no_tta_002_dice_0.0000_19_212_E1202_17_8_jpg.rf.9e7b4a760b91e590511affcac37f803d.jpg,3,3.43985430417692E-11,3.1658592414274202E-11,1,1,0,0,0,0,2.37185E-4,3.43985430417692E-11,3.43985430417692E-11,15505,13566,13566,15505,6.8104102999999999E-2,1,1,0,0,0,0,1.383146E-3,1,1,0,0,0,0,3.7052599999999998E-4,yes,yes
01_tta_worst,4,301_1_8_21_jpg.rf.a85b93a54435b6521e51d3e2ecc2beb1.jpg,301_1_8_21_jpg.rf.a85b93a54435b6521e51d3e2ecc2beb1.npz,3.7332935354239499E-11,2.7705435168279199E-11,9.6275001859602502E-12,A_B_E_check_hard_miss_or_threshold,A,N,Y,Y,,脂肪变部分空泡漏标,E:\project\ORO\runsTemp\manual_review_package_20260724\images\01_tta_worst\004_tta_004_dice_0.0000_301_1_8_21_jpg.rf.a85b93a54435b6521e51d3e2ecc2beb1.jpg,E:\project\ORO\runsTemp\manual_review_package_20260724\images\01_tta_worst\004_no_tta_001_dice_0.0000_301_1_8_21_jpg.rf.a85b93a54435b6521e51d3e2ecc2beb1.jpg,4,3.7332935354239499E-11,2.7705435168279199E-11,1,1,0,0,0,0,2.9369900000000002E-4,1,1,0,0,0,0,3.5806999999999999E-4,1,1,0,0,0,0,1.7429000000000001E-4,3.7332935354239499E-11,3.7332935354239499E-11,16314,10472,10472,16314,8.8670969000000002E-2,yes,yes
01_tta_worst,5,18_228_Masson_207_33_21_jpg.rf.fa459fb908f502b94970b1867b4321fd.jpg,18_228_Masson_207_33_21_jpg.rf.fa459fb908f502b94970b1867b4321fd.npz,3.8375930905276599E-11,3.81359180345874E-11,2.4001287068919897E-13,B_or_C_check_class2,A,N,Y,Y,,炎症不典型，炎细胞？存疑,E:\project\ORO\runsTemp\manual_review_package_20260724\images\01_tta_worst\005_tta_005_dice_0.0000_18_228_Masson_207_33_21_jpg.rf.fa459fb908f502b94970b1867b4321fd.jpg,E:\project\ORO\runsTemp\manual_review_package_20260724\images\01_tta_worst\005_no_tta_004_dice_0.0000_18_228_Masson_207_33_21_jpg.rf.fa459fb908f502b94970b1867b4321fd.jpg,5,3.8375930905276599E-11,3.81359180345874E-11,5.6850482654802102E-11,5.6850482654802102E-11,17590,0,0,17590,7.6672300999999998E-2,1,1,0,0,0,0,3.45924E-4,1.1809163369402799E-10,1.1809163369402799E-10,0,8468,8468,0,2.3373600000000001E-4,1,1,0,0,0,0,4.0043400000000002E-4,yes,yes
01_tta_worst,6,16_224_604_90_60_jpg.rf.36c065f49836810209158d3afc3d3719.jpg,16_224_604_90_60_jpg.rf.36c065f49836810209158d3afc3d3719.npz,4.5189570835324398E-11,4.5566390938223103E-11,-3.7700000000000001E-13,A_B_check_hard_miss,A,Y,N,Y,,气球样变漏标,E:\project\ORO\runsTemp\manual_review_package_20260724\images\01_tta_worst\006_tta_006_dice_0.0000_16_224_604_90_60_jpg.rf.36c065f49836810209158d3afc3d3719.jpg,E:\project\ORO\runsTemp\manual_review_package_20260724\images\01_tta_worst\006_no_tta_006_dice_0.0000_16_224_604_90_60_jpg.rf.36c065f49836810209158d3afc3d3719.jpg,6,4.5189570835324398E-11,4.5566390938223103E-11,5.3214134487777898E-11,5.3214134487777898E-11,0,18792,18792,0,2.8876299999999999E-4,1,1,0,0,0,0,7.3079299999999998E-4,2.9967037185052401E-10,2.9967037185052401E-10,3337,0,0,3337,1.5731310471892301E-2,1,1,0,0,0,0,3.4737599999999999E-4,yes,yes
01_tta_worst,7,17_228_801_92_39_jpg.rf.72d28916f76dc73170afc885f59f0786.jpg,17_228_801_92_39_jpg.rf.72d28916f76dc73170afc885f59f0786.npz,6.0331822870907104E-11,5.8976171168900697E-11,1.35565170200635E-12,A_B_E_check_hard_miss_or_threshold,A,N,Y,Y,,模型判断正确，人工标注错误,E:\project\ORO\runsTemp\manual_review_package_20260724\images\01_tta_worst\007_tta_007_dice_0.0000_17_228_801_92_39_jpg.rf.72d28916f76dc73170afc885f59f0786.jpg,E:\project\ORO\runsTemp\manual_review_package_20260724\images\01_tta_worst\007_no_tta_009_dice_0.0000_17_228_801_92_39_jpg.rf.72d28916f76dc73170afc885f59f0786.jpg,7,6.0331822870907104E-11,5.8976171168900697E-11,6.0331822870907104E-11,6.0331822870907104E-11,6900,9675,9675,6900,3.1177056953310901E-2,1,1,0,0,0,0,3.69291E-4,1,1,0,0,0,0,1.9116399999999999E-4,1,1,0,0,0,0,5.8064E-4,yes,yes
01_tta_worst,8,18_217_218_52_20_jpg.rf.1af96ac9534792faefad1703f33057e3.jpg,18_217_218_52_20_jpg.rf.1af96ac9534792faefad1703f33057e3.npz,6.1678898100048204E-11,7.1767807000000003E-2,-7.1767807000000003E-2,B_or_C_check_class2,A,N,Y,Y,,炎症不典型,E:\project\ORO\runsTemp\manual_review_package_20260724\images\01_tta_worst\008_tta_008_dice_0.0000_18_217_218_52_20_jpg.rf.1af96ac9534792faefad1703f33057e3.jpg,E:\project\ORO\runsTemp\manual_review_package_20260724\images\01_tta_worst\008_no_tta_041_dice_0.0718_18_217_218_52_20_jpg.rf.1af96ac9534792faefad1703f33057e3.jpg,8,6.1678898100048204E-11,3.7219487000000002E-2,1,1,0,0,0,0,2.45004E-4,1,1,0,0,0,0,5.0407900000000005E-4,6.1678898100048204E-11,6.1678898100048204E-11,7025,9188,9188,7025,3.4049692999999999E-2,1,1,0,0,0,0,4.1326500000000001E-4,yes,yes
01_tta_worst,9,18_236_203_78_40_jpg.rf.ca3a6efee503bbd283ca8cdf848de145.jpg,18_236_203_78_40_jpg.rf.ca3a6efee503bbd283ca8cdf848de145.npz,6.3508191761041298E-11,6.1312080412712E-11,2.19611134832931E-12,A_B_E_check_hard_miss_or_threshold,A,Y,Y,Y,,模型判断正确，GT漏标，标注结构不典型,E:\project\ORO\runsTemp\manual_review_package_20260724\images\01_tta_worst\009_tta_009_dice_0.0000_18_236_203_78_40_jpg.rf.ca3a6efee503bbd283ca8cdf848de145.jpg,E:\project\ORO\runsTemp\manual_review_package_20260724\images\01_tta_worst\009_no_tta_010_dice_0.0000_18_236_203_78_40_jpg.rf.ca3a6efee503bbd283ca8cdf848de145.jpg,9,6.3508191761041298E-11,6.1312080412712E-11,6.3508191761041298E-11,6.3508191761041298E-11,8204,7542,7542,8204,3.5836502999999999E-2,1,1,0,0,0,0,3.3377199999999997E-4,1,1,0,0,0,0,2.0160999999999999E-4,1,1,0,0,0,0,3.8166699999999998E-4,yes,yes
01_tta_worst,10,18_217_218_54_22_jpg.rf.5317b45b2825f45463bcf0b45ef0c9a6.jpg,18_217_218_54_22_jpg.rf.5317b45b2825f45463bcf0b45ef0c9a6.npz,6.8166326749885503E-11,1.00826777482687E-10,-3.2700000000000001E-11,B_or_C_check_class2,A,N,Y,Y,,炎症不典型,E:\project\ORO\runsTemp\manual_review_package_20260724\images\01_tta_worst\010_tta_010_dice_0.0000_18_217_218_54_22_jpg.rf.5317b45b2825f45463bcf0b45ef0c9a6.jpg,E:\project\ORO\runsTemp\manual_review_package_20260724\images\01_tta_worst\010_no_tta_016_dice_0.0000_18_217_218_54_22_jpg.rf.5317b45b2825f45463bcf0b45ef0c9a6.jpg,10,6.8166326749885503E-11,1.00826777482687E-10,1,1,0,0,0,0,2.4474799999999998E-4,1,1,0,0,0,0,5.0032899999999999E-4,6.8166326749885503E-11,6.8166326749885503E-11,6392,8278,8278,6392,3.0316533520817701E-2,1,1,0,0,0,0,3.9789600000000001E-4,yes,yes
01_tta_worst,11,18_219_206_53_21_jpg.rf.f7896ecea2d6193ad842ce21e32614c3.jpg,18_219_206_53_21_jpg.rf.f7896ecea2d6193ad842ce21e32614c3.npz,7.4654719905975497E-11,5.3398837435159001E-11,2.12558824708164E-11,B_or_C_check_class2,B,Y,N,N,,模型判断能力不足,E:\project\ORO\runsTemp\manual_review_package_20260724\images\01_tta_worst\011_tta_011_dice_0.0000_18_219_206_53_21_jpg.rf.f7896ecea2d6193ad842ce21e32614c3.jpg,E:\project\ORO\runsTemp\manual_review_package_20260724\images\01_tta_worst\011_no_tta_007_dice_0.0000_18_219_206_53_21_jpg.rf.f7896ecea2d6193ad842ce21e32614c3.jpg,11,7.4654719905975497E-11,5.3398837435159001E-11,1,1,0,0,0,0,6.0235840000000002E-3,1,1,0,0,0,0,3.7003399999999999E-4,7.4654719905975497E-11,7.4654719905975497E-11,67,13328,13328,67,6.6244000000000003E-4,1,1,0,0,0,0,3.66592E-4,yes,yes
01_tta_worst,12,17_228_801_98_54_jpg.rf.8ebe0185f05300a712afcec4033fed36.jpg,17_228_801_98_54_jpg.rf.8ebe0185f05300a712afcec4033fed36.npz,8.0379390643425795E-11,8.0379390643425795E-11,0,A_B_check_hard_miss,A,,,,,,E:\project\ORO\runsTemp\manual_review_package_20260724\images\01_tta_worst\012_tta_012_dice_0.0000_17_228_801_98_54_jpg.rf.8ebe0185f05300a712afcec4033fed36.jpg,E:\project\ORO\runsTemp\manual_review_package_20260724\images\01_tta_worst\012_no_tta_011_dice_0.0000_17_228_801_98_54_jpg.rf.8ebe0185f05300a712afcec4033fed36.jpg,12,8.0379390643425795E-11,8.0379390643425795E-11,8.0379390643425795E-11,8.0379390643425795E-11,0,12441,12441,0,5.54529E-4,1,1,0,0,0,0,4.0473499999999998E-4,1,1,0,0,0,0,1.2687309999999999E-3,1,1,0,0,0,0,5.8991999999999996E-4,yes,yes
01_tta_worst,13,18_217_217_51_6_jpg.rf.cbf35fe70230dbd98b899f57b71253c0.jpg,18_217_217_51_6_jpg.rf.cbf35fe70230dbd98b899f57b71253c0.npz,8.0411705072336304E-11,9.2420167999999997E-2,-9.2420167999999997E-2,B_or_C_check_class2,A,N,Y,Y,,炎症不典型,E:\project\ORO\runsTemp\manual_review_package_20260724\images\01_tta_worst\013_tta_013_dice_0.0000_18_217_217_51_6_jpg.rf.cbf35fe70230dbd98b899f57b71253c0.jpg,E:\project\ORO\runsTemp\manual_review_package_20260724\images\01_tta_worst\013_no_tta_044_dice_0.0924_18_217_217_51_6_jpg.rf.cbf35fe70230dbd98b899f57b71253c0.jpg,13,8.0411705072336304E-11,4.8448913000000003E-2,1,1,0,0,0,0,2.3892100000000001E-4,1,1,0,0,0,0,4.82234E-4,8.0411705072336304E-11,8.0411705072336304E-11,0,12436,12436,0,4.458638E-3,1,1,0,0,0,0,3.83266E-4,yes,yes
01_tta_worst,14,16_224_603_160_41_jpg.rf.16d345140514dc1a1af7b2fa01bb9539.jpg,16_224_603_160_41_jpg.rf.16d345140514dc1a1af7b2fa01bb9539.npz,9.0735870206248796E-11,1.10192839056253E-2,-1.1019284000000001E-2,B_or_C_check_class2,A,N,Y,Y,,炎症不典型，纤维化典型,E:\project\ORO\runsTemp\manual_review_package_20260724\images\01_tta_worst\014_tta_014_dice_0.0000_16_224_603_160_41_jpg.rf.16d345140514dc1a1af7b2fa01bb9539.jpg,E:\project\ORO\runsTemp\manual_review_package_20260724\images\01_tta_worst\014_no_tta_035_dice_0.0110_16_224_603_160_41_jpg.rf.16d345140514dc1a1af7b2fa01bb9539.jpg,14,9.0735870206248796E-11,5.540166E-3,1,1,0,0,0,0,2.5664399999999999E-4,1,1,0,0,0,0,4.7009999999999999E-4,9.0735870206248796E-11,9.0735870206248796E-11,0,11021,11021,0,1.5505932E-2,1,1,0,0,0,0,3.7883600000000002E-4,yes,yes
01_tta_worst,15,15_242_208_32_9_jpg.rf.0e39eaba59504ed99549fc6b45c89bc2.jpg,15_242_208_32_9_jpg.rf.0e39eaba59504ed99549fc6b45c89bc2.npz,1.00654255763554E-10,1.00948922832078E-10,-2.9500000000000001E-13,A_B_check_hard_miss,A,N,N,Y,,漏标纤维化,E:\project\ORO\runsTemp\manual_review_package_20260724\images\01_tta_worst\015_tta_015_dice_0.0000_15_242_208_32_9_jpg.rf.0e39eaba59504ed99549fc6b45c89bc2.jpg,E:\project\ORO\runsTemp\manual_review_package_20260724\images\01_tta_worst\015_no_tta_017_dice_0.0000_15_242_208_32_9_jpg.rf.0e39eaba59504ed99549fc6b45c89bc2.jpg,15,1.00654255763554E-10,1.00948922832078E-10,1,1,0,0,0,0,2.2699100000000001E-4,1.00654255763554E-10,1.00654255763554E-10,29,9906,9906,29,5.8134730000000004E-3,1,1,0,0,0,0,2.26596E-4,1,1,0,0,0,0,3.2333699999999998E-4,yes,yes
01_tta_worst,16,18_217_217_62_1_jpg.rf.f3d0b4b397bdf2eefd02e85a512e50b4.jpg,18_217_217_62_1_jpg.rf.f3d0b4b397bdf2eefd02e85a512e50b4.npz,1.0098969577265701E-10,2.028106E-2,-2.028106E-2,B_or_C_check_class2,A,N,N,Y,,Gt漏标，模型未检出,E:\project\ORO\runsTemp\manual_review_package_20260724\images\01_tta_worst\016_tta_016_dice_0.0000_18_217_217_62_1_jpg.rf.f3d0b4b397bdf2eefd02e85a512e50b4.jpg,E:\project\ORO\runsTemp\manual_review_package_20260724\images\01_tta_worst\016_no_tta_037_dice_0.0203_18_217_217_62_1_jpg.rf.f3d0b4b397bdf2eefd02e85a512e50b4.jpg,16,1.0098969577265701E-10,1.02444142103195E-2,1,1,0,0,0,0,2.4477400000000001E-4,1,1,0,0,0,0,5.2662300000000004E-4,1.0098969577265701E-10,1.0098969577265701E-10,4142,5760,5760,4142,3.5133969000000001E-2,1,1,0,0,0,0,4.1591399999999998E-4,yes,yes
01_tta_worst,17,206_4_21_24_jpg.rf.3311958c84e32f4e25261561619297fb.jpg,206_4_21_24_jpg.rf.3311958c84e32f4e25261561619297fb.npz,1.16103564262726E-10,6.4494379000000004E-2,-6.4494379000000004E-2,A_B_check_hard_miss,D,Y,Y,N,,,E:\project\ORO\runsTemp\manual_review_package_20260724\images\01_tta_worst\017_tta_017_dice_0.0000_206_4_21_24_jpg.rf.3311958c84e32f4e25261561619297fb.jpg,E:\project\ORO\runsTemp\manual_review_package_20260724\images\01_tta_worst\017_no_tta_040_dice_0.0645_206_4_21_24_jpg.rf.3311958c84e32f4e25261561619297fb.jpg,17,1.16103564262726E-10,3.3321723341941799E-2,1,1,0,0,0,0,3.98133E-4,1,1,0,0,0,0,3.4935800000000003E-4,1,1,0,0,0,0,1.79581E-4,1.16103564262726E-10,1.16103564262726E-10,0,8613,8613,0,7.0907059999999996E-3,yes,yes
01_tta_worst,18,18_219_208_50_7_jpg.rf.9c206cc9c51976566adb31964a912234.jpg,18_219_208_50_7_jpg.rf.9c206cc9c51976566adb31964a912234.npz,1.2351777933794399E-10,5.6433410028366902E-11,6.70843693095779E-11,B_or_C_check_class2,B,Y,N,N,,模型检出能力不足,E:\project\ORO\runsTemp\manual_review_package_20260724\images\01_tta_worst\018_tta_018_dice_0.0000_18_219_208_50_7_jpg.rf.9c206cc9c51976566adb31964a912234.jpg,E:\project\ORO\runsTemp\manual_review_package_20260724\images\01_tta_worst\018_no_tta_008_dice_0.0000_18_219_208_50_7_jpg.rf.9c206cc9c51976566adb31964a912234.jpg,18,1.2351777933794399E-10,5.6433410028366902E-11,1,1,0,0,0,0,2.6380700000000002E-4,1,1,0,0,0,0,3.77809E-4,1.2351777933794399E-10,1.2351777933794399E-10,0,8096,8096,0,1.0820313356816699E-2,1,1,0,0,0,0,3.7569600000000002E-4,yes,yes
01_tta_worst,19,18_217_217_64_23_jpg.rf.f719b993024ad8ab816629426b394ba6.jpg,18_217_217_64_23_jpg.rf.f719b993024ad8ab816629426b394ba6.npz,1.2650221148380299E-10,0.17031739652156799,-0.17031739600000001,B_or_C_check_class2,A,N,Y,Y,,炎症不典型，纤维化典型,E:\project\ORO\runsTemp\manual_review_package_20260724\images\01_tta_worst\019_tta_019_dice_0.0000_18_217_217_64_23_jpg.rf.f719b993024ad8ab816629426b394ba6.jpg,E:\project\ORO\runsTemp\manual_review_package_20260724\images\01_tta_worst\019_no_tta_050_dice_0.1703_18_217_217_64_23_jpg.rf.f719b993024ad8ab816629426b394ba6.jpg,19,1.2650221148380299E-10,9.3085758000000005E-2,1,1,0,0,0,0,2.39874E-4,1,1,0,0,0,0,4.81824E-4,1.2650221148380299E-10,1.2650221148380299E-10,0,7905,7905,0,3.4776210000000002E-3,1,1,0,0,0,0,3.74039E-4,yes,yes
01_tta_worst,20,18_237_201_54_23_jpg.rf.ea40bdb839fb751855303f63a8799345.jpg,18_237_201_54_23_jpg.rf.ea40bdb839fb751855303f63a8799345.npz,1.39004724397651E-10,1.39004724397651E-10,0,A_B_check_hard_miss,B,Y,N,N,,模型未检出,E:\project\ORO\runsTemp\manual_review_package_20260724\images\01_tta_worst\020_tta_020_dice_0.0000_18_237_201_54_23_jpg.rf.ea40bdb839fb751855303f63a8799345.jpg,E:\project\ORO\runsTemp\manual_review_package_20260724\images\01_tta_worst\020_no_tta_021_dice_0.0000_18_237_201_54_23_jpg.rf.ea40bdb839fb751855303f63a8799345.jpg,20,1.39004724397651E-10,1.39004724397651E-10,1.39004724397651E-10,1.39004724397651E-10,0,7194,7194,0,3.8590899999999998E-4,1,1,0,0,0,0,3.03104E-4,1,1,0,0,0,0,1.72545E-4,1,1,0,0,0,0,3.4477800000000001E-4,yes,yes
01_tta_worst,21,15_242_212_21_18_jpg.rf.4ae76912c424e7d0af66547c399bdec2.jpg,15_242_212_21_18_jpg.rf.4ae76912c424e7d0af66547c399bdec2.npz,1.3923698305440199E-10,1.3923698305440199E-10,0,A_B_check_hard_miss,B,Y,N,N,,模型检出能力不足,E:\project\ORO\runsTemp\manual_review_package_20260724\images\01_tta_worst\021_tta_021_dice_0.0000_15_242_212_21_18_jpg.rf.4ae76912c424e7d0af66547c399bdec2.jpg,E:\project\ORO\runsTemp\manual_review_package_20260724\images\01_tta_worst\021_no_tta_022_dice_0.0000_15_242_212_21_18_jpg.rf.4ae76912c424e7d0af66547c399bdec2.jpg,21,1.3923698305440199E-10,1.3923698305440199E-10,1,1,0,0,0,0,2.4326299999999999E-4,1.3923698305440199E-10,1.3923698305440199E-10,0,7182,7182,0,7.4995900000000002E-4,1,1,0,0,0,0,1.8209199999999999E-4,1,1,0,0,0,0,3.3491E-4,yes,yes
01_tta_worst,22,18_219_206_47_11_jpg.rf.8579f1db5fdbf16323f63367e7fdef60.jpg,18_219_206_47_11_jpg.rf.8579f1db5fdbf16323f63367e7fdef60.npz,1.4120304925313501E-10,2.3525960000000002E-3,-2.3525949999999999E-3,B_or_C_check_class2,A,N,Y,N,,模型检出能力不足&漏标,E:\project\ORO\runsTemp\manual_review_package_20260724\images\01_tta_worst\022_tta_022_dice_0.0000_18_219_206_47_11_jpg.rf.8579f1db5fdbf16323f63367e7fdef60.jpg,E:\project\ORO\runsTemp\manual_review_package_20260724\images\01_tta_worst\022_no_tta_034_dice_0.0024_18_219_206_47_11_jpg.rf.8579f1db5fdbf16323f63367e7fdef60.jpg,22,1.4120304925313501E-10,1.1776829999999999E-3,1,1,0,0,0,0,2.56032E-4,1,1,0,0,0,0,4.8349500000000002E-4,1.4120304925313501E-10,1.4120304925313501E-10,1014,6068,6068,1014,1.3043404999999999E-2,1,1,0,0,0,0,3.7063599999999998E-4,yes,yes
01_tta_worst,23,18_219_208_47_23_jpg.rf.d810af158793a9a6def617ab06576dd3.jpg,18_219_208_47_23_jpg.rf.d810af158793a9a6def617ab06576dd3.npz,1.4585764540608799E-10,1.4048889829254501E-10,5.3687471135432897E-12,B_or_C_check_class2,A,N,Y,Y,,炎症不典型，纤维化典型,E:\project\ORO\runsTemp\manual_review_package_20260724\images\01_tta_worst\023_tta_023_dice_0.0000_18_219_208_47_23_jpg.rf.d810af158793a9a6def617ab06576dd3.jpg,E:\project\ORO\runsTemp\manual_review_package_20260724\images\01_tta_worst\023_no_tta_023_dice_0.0000_18_219_208_47_23_jpg.rf.d810af158793a9a6def617ab06576dd3.jpg,23,1.4585764540608799E-10,1.4048889829254501E-10,1.3297872802908701E-9,1.3297872802908701E-9,752,0,0,752,1.3841603882610701E-2,1,1,0,0,0,0,4.26286E-4,1.63826993637705E-10,1.63826993637705E-10,2399,3705,3705,2399,1.0323745E-2,1,1,0,0,0,0,3.8743000000000002E-4,yes,yes
01_tta_worst,24,16_253_308_22_4_jpg.rf.ef9c649ffcc6a336a384d207682ed7b8.jpg,16_253_308_22_4_jpg.rf.ef9c649ffcc6a336a384d207682ed7b8.npz,1.47058823452006E-10,1.47058823452006E-10,0,A_B_check_hard_miss,B,Y,N,N,,模型检出能力不足,E:\project\ORO\runsTemp\manual_review_package_20260724\images\01_tta_worst\024_tta_024_dice_0.0000_16_253_308_22_4_jpg.rf.ef9c649ffcc6a336a384d207682ed7b8.jpg,E:\project\ORO\runsTemp\manual_review_package_20260724\images\01_tta_worst\024_no_tta_024_dice_0.0000_16_253_308_22_4_jpg.rf.ef9c649ffcc6a336a384d207682ed7b8.jpg,24,1.47058823452006E-10,1.47058823452006E-10,1,1,0,0,0,0,2.3483099999999999E-4,1.47058823452006E-10,1.47058823452006E-10,0,6800,6800,0,6.5882400000000002E-4,1,1,0,0,0,0,2.4885199999999998E-4,1,1,0,0,0,0,3.2174800000000001E-4,yes,yes
01_tta_worst,25,16_256_202_21_13_jpg.rf.201efadecc0e06839292fd761b6639ff.jpg,16_256_202_21_13_jpg.rf.201efadecc0e06839292fd761b6639ff.npz,1.4777597201476301E-10,1.4777597201476301E-10,0,A_B_check_hard_miss,A,N,N,Y,,模型标注位置不典型，漏标，建议剔除,E:\project\ORO\runsTemp\manual_review_package_20260724\images\01_tta_worst\025_tta_025_dice_0.0000_16_256_202_21_13_jpg.rf.201efadecc0e06839292fd761b6639ff.jpg,E:\project\ORO\runsTemp\manual_review_package_20260724\images\01_tta_worst\025_no_tta_025_dice_0.0000_16_256_202_21_13_jpg.rf.201efadecc0e06839292fd761b6639ff.jpg,25,1.4777597201476301E-10,1.4777597201476301E-10,1,1,0,0,0,0,2.0820600000000001E-4,1.4777597201476301E-10,1.4777597201476301E-10,0,6767,6767,0,1.27933658659458E-2,1,1,0,0,0,0,2.5943199999999998E-4,1,1,0,0,0,0,3.3545200000000003E-4,yes,yes
01_tta_worst,26,18_217_217_55_27_jpg.rf.c8c6793df4c6cec985c6a6d41de79679.jpg,18_217_217_55_27_jpg.rf.c8c6793df4c6cec985c6a6d41de79679.npz,1.4841199102999499E-10,0.52572172880172696,-0.52572172900000003,D_check_TTA_harm,A,N,N,Y,,炎症区域不典型,E:\project\ORO\runsTemp\manual_review_package_20260724\images\01_tta_worst\026_tta_026_dice_0.0000_18_217_217_55_27_jpg.rf.c8c6793df4c6cec985c6a6d41de79679.jpg,,26,1.4841199102999499E-10,0.35659599304199202,1,1,0,0,0,0,2.2651600000000001E-4,1,1,0,0,0,0,4.9385200000000003E-4,1.4841199102999499E-10,1.4841199102999499E-10,0,6738,6738,0,4.7746300000000002E-3,1,1,0,0,0,0,3.6106300000000001E-4,yes,no
01_tta_worst,27,16_224_101_110_46_jpg.rf.d81abddbf53d16a14492824d98ee6c69.jpg,16_224_101_110_46_jpg.rf.d81abddbf53d16a14492824d98ee6c69.npz,1.5163002797802201E-10,1.5163002797802201E-10,0,B_or_C_check_class2,A,N,N,Y,,炎症区域不典型,E:\project\ORO\runsTemp\manual_review_package_20260724\images\01_tta_worst\027_tta_027_dice_0.0000_16_224_101_110_46_jpg.rf.d81abddbf53d16a14492824d98ee6c69.jpg,E:\project\ORO\runsTemp\manual_review_package_20260724\images\01_tta_worst\027_no_tta_026_dice_0.0000_16_224_101_110_46_jpg.rf.d81abddbf53d16a14492824d98ee6c69.jpg,27,1.5163002797802201E-10,1.5163002797802201E-10,1,1,0,0,0,0,2.1472200000000001E-4,1,1,0,0,0,0,5.1236800000000002E-4,1.5163002797802201E-10,1.5163002797802201E-10,0,6595,6595,0,7.2819570000000004E-3,1,1,0,0,0,0,3.70403E-4,yes,yes
01_tta_worst,28,18_219_208_49_8_jpg.rf.26a93d179bb3294982c01ce7e7a41dcd.jpg,18_219_208_49_8_jpg.rf.26a93d179bb3294982c01ce7e7a41dcd.npz,1.53327198160191E-10,1.53327198160191E-10,0,B_or_C_check_class2,A,N,N,Y,,炎症区域不典型,E:\project\ORO\runsTemp\manual_review_package_20260724\images\01_tta_worst\028_tta_028_dice_0.0000_18_219_208_49_8_jpg.rf.26a93d179bb3294982c01ce7e7a41dcd.jpg,E:\project\ORO\runsTemp\manual_review_package_20260724\images\01_tta_worst\028_no_tta_027_dice_0.0000_18_219_208_49_8_jpg.rf.26a93d179bb3294982c01ce7e7a41dcd.jpg,28,1.53327198160191E-10,1.53327198160191E-10,1,1,0,0,0,0,2.6274399999999998E-4,1,1,0,0,0,0,4.5356699999999999E-4,1.53327198160191E-10,1.53327198160191E-10,0,6522,6522,0,1.4949338E-2,1,1,0,0,0,0,4.0348400000000001E-4,yes,yes
01_tta_worst,29,16_224_606_183_17_jpg.rf.9dbff09ae04884e51ba929474514b246.jpg,16_224_606_183_17_jpg.rf.9dbff09ae04884e51ba929474514b246.npz,1.5349194137925699E-10,0.266124486923217,-0.26612448700000002,D_check_TTA_harm,A,N,Y,Y,,标注未标全,E:\project\ORO\runsTemp\manual_review_package_20260724\images\01_tta_worst\029_tta_029_dice_0.0000_16_224_606_183_17_jpg.rf.9dbff09ae04884e51ba929474514b246.jpg,,29,1.5349194137925699E-10,0.153485342860221,1,1,0,0,0,0,2.5277399999999999E-4,1,1,0,0,0,0,4.4187499999999999E-4,1.5349194137925699E-10,1.5349194137925699E-10,413,6102,6102,413,4.548435E-3,1,1,0,0,0,0,3.4562500000000001E-4,yes,no
01_tta_worst,30,15_242_208_19_8_jpg.rf.5fb77c12e1beabb429d523bf5a166be1.jpg,15_242_208_19_8_jpg.rf.5fb77c12e1beabb429d523bf5a166be1.npz,1.5571473277464701E-10,1.2014898798096099E-10,3.5565744793686297E-11,A_B_check_hard_miss,,,,,,,E:\project\ORO\runsTemp\manual_review_package_20260724\images\01_tta_worst\030_tta_030_dice_0.0000_15_242_208_19_8_jpg.rf.5fb77c12e1beabb429d523bf5a166be1.jpg,E:\project\ORO\runsTemp\manual_review_package_20260724\images\01_tta_worst\030_no_tta_019_dice_0.0000_15_242_208_19_8_jpg.rf.5fb77c12e1beabb429d523bf5a166be1.jpg,30,1.5571473277464701E-10,1.2014898798096099E-10,1,1,0,0,0,0,2.241E-4,1.5571473277464701E-10,1.5571473277464701E-10,2572,3850,3850,2572,1.1595387943089E-2,1,1,0,0,0,0,2.41003E-4,1,1,0,0,0,0,3.2240900000000001E-4,yes,yes
01_tta_worst,31,19_212_E1202_20_3_jpg.rf.291a527581aa38d11fa1bd33646a1b46.jpg,19_212_E1202_20_3_jpg.rf.291a527581aa38d11fa1bd33646a1b46.npz,1.56445550958395E-10,1.56445550958395E-10,0,A_B_check_hard_miss,A,N,N,Y,,标注纤维化不典型，脂肪变很典型,E:\project\ORO\runsTemp\manual_review_package_20260724\images\01_tta_worst\031_tta_031_dice_0.0000_19_212_E1202_20_3_jpg.rf.291a527581aa38d11fa1bd33646a1b46.jpg,E:\project\ORO\runsTemp\manual_review_package_20260724\images\01_tta_worst\031_no_tta_028_dice_0.0000_19_212_E1202_20_3_jpg.rf.291a527581aa38d11fa1bd33646a1b46.jpg,31,1.56445550958395E-10,1.56445550958395E-10,1,1,0,0,0,0,2.5486500000000001E-4,1.56445550958395E-10,1.56445550958395E-10,0,6392,6392,0,4.64003E-4,1,1,0,0,0,0,1.7866299999999999E-4,1,1,0,0,0,0,3.4801800000000001E-4,yes,yes
01_tta_worst,32,17_209_102_7_20_jpg.rf.4a5f66fe8e059247765f7a15a2c05d1a.jpg,17_209_102_7_20_jpg.rf.4a5f66fe8e059247765f7a15a2c05d1a.npz,1.91828122830806E-10,0.42364680767059298,-0.42364680700000001,D_check_TTA_harm,A,N,N,Y,,炎症区域不典型,E:\project\ORO\runsTemp\manual_review_package_20260724\images\01_tta_worst\032_tta_032_dice_0.0000_17_209_102_7_20_jpg.rf.4a5f66fe8e059247765f7a15a2c05d1a.jpg,,32,1.91828122830806E-10,0.26875120401382402,1,1,0,0,0,0,2.2211E-4,1,1,0,0,0,0,4.8924400000000001E-4,1.91828122830806E-10,1.91828122830806E-10,0,5213,5213,0,2.2475730000000001E-3,1,1,0,0,0,0,3.5291899999999999E-4,yes,no
01_tta_worst,33,18_219_208_52_25_jpg.rf.01e9383a1102c9e384ce0e013dfcd7ab.jpg,18_219_208_52_25_jpg.rf.01e9383a1102c9e384ce0e013dfcd7ab.npz,2.2356359818953499E-10,2.2356359818953499E-10,0,B_or_C_check_class2,A,N,N,Y,,炎症区域不典型,E:\project\ORO\runsTemp\manual_review_package_20260724\images\01_tta_worst\033_tta_033_dice_0.0000_18_219_208_52_25_jpg.rf.01e9383a1102c9e384ce0e013dfcd7ab.jpg,E:\project\ORO\runsTemp\manual_review_package_20260724\images\01_tta_worst\033_no_tta_029_dice_0.0000_18_219_208_52_25_jpg.rf.01e9383a1102c9e384ce0e013dfcd7ab.jpg,33,2.2356359818953499E-10,2.2356359818953499E-10,1,1,0,0,0,0,2.5111600000000001E-4,1,1,0,0,0,0,3.9766900000000002E-4,2.2356359818953499E-10,2.2356359818953499E-10,0,4473,4473,0,4.8498399999999999E-4,1,1,0,0,0,0,3.82605E-4,yes,yes
01_tta_worst,34,15_242_212_17_7_jpg.rf.8f8295a83cf29f3273b6de9443c7840a.jpg,15_242_212_17_7_jpg.rf.8f8295a83cf29f3273b6de9443c7840a.npz,3.1249999810079001E-10,3.1249999810079001E-10,0,A_B_check_hard_miss,B,Y,N,N,,模型检出能力不足,E:\project\ORO\runsTemp\manual_review_package_20260724\images\01_tta_worst\034_tta_034_dice_0.0000_15_242_212_17_7_jpg.rf.8f8295a83cf29f3273b6de9443c7840a.jpg,E:\project\ORO\runsTemp\manual_review_package_20260724\images\01_tta_worst\034_no_tta_030_dice_0.0000_15_242_212_17_7_jpg.rf.8f8295a83cf29f3273b6de9443c7840a.jpg,34,3.1249999810079001E-10,3.1249999810079001E-10,1,1,0,0,0,0,2.63021E-4,3.1249999810079001E-10,3.1249999810079001E-10,0,3200,3200,0,1.39868E-3,1,1,0,0,0,0,2.0581500000000001E-4,1,1,0,0,0,0,3.3122799999999998E-4,yes,yes
01_tta_worst,35,18_211_205_6_15_jpg.rf.537f45cc11c8485a5597bf95c8a72dae.jpg,18_211_205_6_15_jpg.rf.537f45cc11c8485a5597bf95c8a72dae.npz,3.2679739470076098E-10,3.2679739470076098E-10,0,A_B_check_hard_miss,B,Y,N,N,,模型检出能力不足,E:\project\ORO\runsTemp\manual_review_package_20260724\images\01_tta_worst\035_tta_035_dice_0.0000_18_211_205_6_15_jpg.rf.537f45cc11c8485a5597bf95c8a72dae.jpg,E:\project\ORO\runsTemp\manual_review_package_20260724\images\01_tta_worst\035_no_tta_031_dice_0.0000_18_211_205_6_15_jpg.rf.537f45cc11c8485a5597bf95c8a72dae.jpg,35,3.2679739470076098E-10,3.2679739470076098E-10,1,1,0,0,0,0,2.14632E-4,3.2679739470076098E-10,3.2679739470076098E-10,0,3060,3060,0,7.9868300000000001E-4,1,1,0,0,0,0,2.81954E-4,1,1,0,0,0,0,2.9719300000000001E-4,yes,yes
01_tta_worst,36,15_242_208_18_11_jpg.rf.e0282f1843d979a57b1d6aa2140139f6.jpg,15_242_208_18_11_jpg.rf.e0282f1843d979a57b1d6aa2140139f6.npz,3.3046926306567999E-10,3.3046926306567999E-10,0,A_B_check_hard_miss,A,N,N,Y,,标注纤维化不典型，脂肪变很典型,E:\project\ORO\runsTemp\manual_review_package_20260724\images\01_tta_worst\036_tta_036_dice_0.0000_15_242_208_18_11_jpg.rf.e0282f1843d979a57b1d6aa2140139f6.jpg,E:\project\ORO\runsTemp\manual_review_package_20260724\images\01_tta_worst\036_no_tta_032_dice_0.0000_15_242_208_18_11_jpg.rf.e0282f1843d979a57b1d6aa2140139f6.jpg,36,3.3046926306567999E-10,3.3046926306567999E-10,1,1,0,0,0,0,2.2023400000000001E-4,3.3046926306567999E-10,3.3046926306567999E-10,0,3026,3026,0,1.589607E-3,1,1,0,0,0,0,2.2424000000000001E-4,1,1,0,0,0,0,3.0082699999999998E-4,yes,yes
01_tta_worst,37,18_219_208_49_21_jpg.rf.758f8a1ddb3ed57e97a0f14e9d262981.jpg,18_219_208_49_21_jpg.rf.758f8a1ddb3ed57e97a0f14e9d262981.npz,3.3602151616740602E-10,8.2747204921407302E-11,2.5327431124599799E-10,B_or_C_check_class2,A,N,N,Y,,炎症区域不典型,E:\project\ORO\runsTemp\manual_review_package_20260724\images\01_tta_worst\037_tta_037_dice_0.0000_18_219_208_49_21_jpg.rf.758f8a1ddb3ed57e97a0f14e9d262981.jpg,E:\project\ORO\runsTemp\manual_review_package_20260724\images\01_tta_worst\037_no_tta_012_dice_0.0000_18_219_208_49_21_jpg.rf.758f8a1ddb3ed57e97a0f14e9d262981.jpg,37,3.3602151616740602E-10,8.2747204921407302E-11,1,1,0,0,0,0,9.6753310000000006E-3,1,1,0,0,0,0,4.51058E-4,3.3602151616740602E-10,3.3602151616740602E-10,0,2976,2976,0,8.1709509999999992E-3,1,1,0,0,0,0,4.2132900000000002E-4,yes,yes
01_tta_worst,38,16_253_308_34_4_jpg.rf.c1487d1c8a92bde85994cfc673ce448b.jpg,16_253_308_34_4_jpg.rf.c1487d1c8a92bde85994cfc673ce448b.npz,5.1450300000000003E-4,0.533300340175628,-0.53278583800000001,D_check_TTA_harm,B,Y,N,N,,模型检出能力不足,E:\project\ORO\runsTemp\manual_review_package_20260724\images\01_tta_worst\038_tta_038_dice_0.0005_16_253_308_34_4_jpg.rf.c1487d1c8a92bde85994cfc673ce448b.jpg,,38,2.5731799999999998E-4,0.36360567808151201,1,1,0,0,0,0,2.4587900000000001E-4,5.1450300000000003E-4,2.5731799999999998E-4,28,31054,31062,36,3.2341073999999997E-2,1,1,0,0,0,0,2.4777799999999998E-4,1,1,0,0,0,0,3.9535599999999997E-4,yes,no
01_tta_worst,39,17_209_102_6_26_jpg.rf.8474901f98f2d28915a3bcf1363dfac2.jpg,17_209_102_6_26_jpg.rf.8474901f98f2d28915a3bcf1363dfac2.npz,1.0427528992295199E-2,3.49406004129804E-10,1.04275286428892E-2,B_or_C_check_class2,A,N,N,Y,,炎症区域不典型,E:\project\ORO\runsTemp\manual_review_package_20260724\images\01_tta_worst\039_tta_039_dice_0.0104_17_209_102_6_26_jpg.rf.8474901f98f2d28915a3bcf1363dfac2.jpg,E:\project\ORO\runsTemp\manual_review_package_20260724\images\01_tta_worst\039_no_tta_033_dice_0.0000_17_209_102_6_26_jpg.rf.8474901f98f2d28915a3bcf1363dfac2.jpg,39,5.2410900000000003E-3,3.49406004129804E-10,1,1,0,0,0,0,2.21521E-4,1,1,0,0,0,0,5.3922300000000002E-4,1.0427528992295199E-2,5.2410900000000003E-3,0,2847,2862,15,4.8174059999999998E-3,1,1,0,0,0,0,3.69663E-4,yes,yes
01_tta_worst,40,17_209_102_6_30_jpg.rf.ec7a893c9423a9fe8922f3e4ec021293.jpg,17_209_102_6_30_jpg.rf.ec7a893c9423a9fe8922f3e4ec021293.npz,1.4657980762422E-2,5.3223867000000001E-2,-3.8565886000000001E-2,B_or_C_check_class2,A,N,N,Y,,炎症区域不典型,E:\project\ORO\runsTemp\manual_review_package_20260724\images\01_tta_worst\040_tta_040_dice_0.0147_17_209_102_6_30_jpg.rf.ec7a893c9423a9fe8922f3e4ec021293.jpg,E:\project\ORO\runsTemp\manual_review_package_20260724\images\01_tta_worst\040_no_tta_039_dice_0.0532_17_209_102_6_30_jpg.rf.ec7a893c9423a9fe8922f3e4ec021293.jpg,40,7.3831010000000004E-3,2.7339490000000001E-2,1,1,0,0,0,0,2.3809699999999999E-4,1,1,0,0,0,0,4.8619100000000002E-4,1.4657980762422E-2,7.3831010000000004E-3,1752,6718,6781,1815,2.35193967819213E-2,1,1,0,0,0,0,3.86812E-4,yes,yes
01_tta_worst,41,18_211_206_23_24_jpg.rf.98a604c3c6f7208d5c71607f96eb6f8f.jpg,18_211_206_23_24_jpg.rf.98a604c3c6f7208d5c71607f96eb6f8f.npz,5.8214173000000001E-2,7.6358101999999997E-2,-1.8143929999999999E-2,A_B_E_check_hard_miss_or_threshold,A,N,N,Y,,标注纤维化遗漏,E:\project\ORO\runsTemp\manual_review_package_20260724\images\01_tta_worst\041_tta_041_dice_0.0582_18_211_206_23_24_jpg.rf.98a604c3c6f7208d5c71607f96eb6f8f.jpg,E:\project\ORO\runsTemp\manual_review_package_20260724\images\01_tta_worst\041_no_tta_042_dice_0.0764_18_211_206_23_24_jpg.rf.98a604c3c6f7208d5c71607f96eb6f8f.jpg,41,2.9979707673192E-2,3.9694551000000002E-2,1,1,0,0,0,0,2.3266500000000001E-4,5.8214173000000001E-2,2.9979707673192E-2,6455,8364,8822,6913,3.6417626000000002E-2,1,1,0,0,0,0,2.4934799999999999E-4,1,1,0,0,0,0,3.3807299999999999E-4,yes,yes
01_tta_worst,42,17_228_803_192_14_jpg.rf.f23b68987f8ccc0330bba7e303a9f24d.jpg,17_228_803_192_14_jpg.rf.f23b68987f8ccc0330bba7e303a9f24d.npz,6.1037711799144703E-2,1.9560428336262699E-2,4.1477282999999997E-2,A_B_E_check_hard_miss_or_threshold,A,N,Y,Y,,漏标结构,E:\project\ORO\runsTemp\manual_review_package_20260724\images\01_tta_worst\042_tta_042_dice_0.0610_17_228_803_192_14_jpg.rf.f23b68987f8ccc0330bba7e303a9f24d.jpg,E:\project\ORO\runsTemp\manual_review_package_20260724\images\01_tta_worst\042_no_tta_036_dice_0.0196_17_228_803_192_14_jpg.rf.f23b68987f8ccc0330bba7e303a9f24d.jpg,42,3.1479574739933E-2,9.8768109999999992E-3,6.1037711799144703E-2,3.1479574739933E-2,3644,50013,51757,5388,4.4245020000000003E-2,1,1,0,0,0,0,4.3003099999999999E-4,1,1,0,0,0,0,2.0239300000000001E-4,1,1,0,0,0,0,3.9990300000000001E-4,yes,yes
01_tta_worst,43,17_234_212_75_30_jpg.rf.603fa53c4bbc5886d7b8fc19c7aed559.jpg,17_234_212_75_30_jpg.rf.603fa53c4bbc5886d7b8fc19c7aed559.npz,6.2248412519693298E-2,8.9664473999999994E-2,-2.7416062000000001E-2,B_or_C_check_class2,A,N,N,Y,,标注有误，应为气球样变,E:\project\ORO\runsTemp\manual_review_package_20260724\images\01_tta_worst\043_tta_043_dice_0.0622_17_234_212_75_30_jpg.rf.603fa53c4bbc5886d7b8fc19c7aed559.jpg,E:\project\ORO\runsTemp\manual_review_package_20260724\images\01_tta_worst\043_no_tta_043_dice_0.0897_17_234_212_75_30_jpg.rf.603fa53c4bbc5886d7b8fc19c7aed559.jpg,43,3.2124042999999998E-2,4.6936504542827599E-2,1,1,0,0,0,0,2.4034100000000001E-4,1,1,0,0,0,0,4.9601099999999998E-4,6.2248412519693298E-2,3.2124042999999998E-2,4,22593,23343,754,2.4438624999999999E-2,1,1,0,0,0,0,3.7487700000000002E-4,yes,yes
01_tta_worst,44,18_217_218_52_28_jpg.rf.e264348e72524fd9bfbeb64db1f3e1d1.jpg,18_217_218_52_28_jpg.rf.e264348e72524fd9bfbeb64db1f3e1d1.npz,6.2333036214113201E-2,0.109777264297008,-4.7444227999999998E-2,B_or_C_check_class2,A,N,N,Y,,炎症区域不典型,E:\project\ORO\runsTemp\manual_review_package_20260724\images\01_tta_worst\044_tta_044_dice_0.0623_18_217_218_52_28_jpg.rf.e264348e72524fd9bfbeb64db1f3e1d1.jpg,E:\project\ORO\runsTemp\manual_review_package_20260724\images\01_tta_worst\044_no_tta_046_dice_0.1098_18_217_218_52_28_jpg.rf.e264348e72524fd9bfbeb64db1f3e1d1.jpg,44,3.2169119000000003E-2,5.8076362999999999E-2,1,1,0,0,0,0,2.4526300000000001E-4,1,1,0,0,0,0,4.8626300000000002E-4,6.2333036214113201E-2,3.2169119000000003E-2,4176,8460,8880,4596,2.94525027275085E-2,1,1,0,0,0,0,3.8470900000000001E-4,yes,yes
01_tta_worst,45,18_217_212_55_2_jpg.rf.429e1a907d4fd09b0516c0cf959f6785.jpg,18_217_212_55_2_jpg.rf.429e1a907d4fd09b0516c0cf959f6785.npz,0.15199258923530501,1.3267878462563901E-10,0.15199258900000001,B_or_C_check_class2,A,N,N,Y,,炎症区域不典型,E:\project\ORO\runsTemp\manual_review_package_20260724\images\01_tta_worst\045_tta_045_dice_0.1520_18_217_212_55_2_jpg.rf.429e1a907d4fd09b0516c0cf959f6785.jpg,E:\project\ORO\runsTemp\manual_review_package_20260724\images\01_tta_worst\045_no_tta_020_dice_0.0000_18_217_212_55_2_jpg.rf.429e1a907d4fd09b0516c0cf959f6785.jpg,45,8.2246742999999997E-2,1.3267878462563901E-10,1,1,0,0,0,0,2.6289299999999999E-4,1,1,0,0,0,0,4.4061099999999999E-4,0.15199258923530501,8.2246742999999997E-2,2861,4459,5115,3517,2.6999041438102701E-2,1,1,0,0,0,0,4.0821999999999999E-4,yes,yes
01_tta_worst,46,202_2_16_35_jpg.rf.6af83252894f02e88e53866e17951d98.jpg,202_2_16_35_jpg.rf.6af83252894f02e88e53866e17951d98.npz,0.155154094099998,9.9890123950174799E-11,0.15515409400010799,A_B_check_hard_miss,A,N,N,Y,,漏标脂肪变,E:\project\ORO\runsTemp\manual_review_package_20260724\images\01_tta_worst\046_tta_046_dice_0.1552_202_2_16_35_jpg.rf.6af83252894f02e88e53866e17951d98.jpg,E:\project\ORO\runsTemp\manual_review_package_20260724\images\01_tta_worst\046_no_tta_015_dice_0.0000_202_2_16_35_jpg.rf.6af83252894f02e88e53866e17951d98.jpg,46,8.4101379000000004E-2,9.9890123950174799E-11,1,1,0,0,0,0,2.8920399999999999E-4,1,1,0,0,0,0,3.1644099999999999E-4,1,1,0,0,0,0,1.68049E-4,0.155154094099998,8.4101379000000004E-2,0,3975,4340,365,1.1748709E-2,yes,yes
01_tta_worst,47,18_217_217_53_7_jpg.rf.90981208c4c9d68dc01dee098e37672a.jpg,18_217_217_53_7_jpg.rf.90981208c4c9d68dc01dee098e37672a.npz,0.16428324580192499,0.18084964156150801,-1.6566396000000001E-2,B_or_C_check_class2,A,N,N,Y,,炎症区域不典型,E:\project\ORO\runsTemp\manual_review_package_20260724\images\01_tta_worst\047_tta_047_dice_0.1643_18_217_217_53_7_jpg.rf.90981208c4c9d68dc01dee098e37672a.jpg,,47,8.9492700999999994E-2,9.9414348999999999E-2,1,1,0,0,0,0,2.4060299999999999E-4,1,1,0,0,0,0,5.1294600000000002E-4,0.16428324580192499,8.9492700999999994E-2,10020,9382,11289,11927,5.3732354000000003E-2,1,1,0,0,0,0,3.9413300000000002E-4,yes,no
01_tta_worst,48,19_212_E1202_19_2_jpg.rf.51fa2352272b2020f67c4ccb8e098005.jpg,19_212_E1202_19_2_jpg.rf.51fa2352272b2020f67c4ccb8e098005.npz,0.16986678540706601,0.15540540218353199,1.4461383E-2,A_B_check_hard_miss,A,N,N,Y,,标注纤维化不典型，建议剔除,E:\project\ORO\runsTemp\manual_review_package_20260724\images\01_tta_worst\048_tta_048_dice_0.1699_19_212_E1202_19_2_jpg.rf.51fa2352272b2020f67c4ccb8e098005.jpg,E:\project\ORO\runsTemp\manual_review_package_20260724\images\01_tta_worst\048_no_tta_048_dice_0.1554_19_212_E1202_19_2_jpg.rf.51fa2352272b2020f67c4ccb8e098005.jpg,48,9.2816628999999998E-2,8.4249087E-2,1,1,0,0,0,0,2.3257E-4,0.16986678540706601,9.2816628999999998E-2,15,22856,25196,2355,2.54387892782688E-2,1,1,0,0,0,0,2.1928E-4,1,1,0,0,0,0,3.4511299999999997E-4,yes,yes
01_tta_worst,49,19_212_E1202_18_3_jpg.rf.7223de565978f12f274a5fa46c20af6a.jpg,19_212_E1202_18_3_jpg.rf.7223de565978f12f274a5fa46c20af6a.npz,0.180917859077453,0.134422302246093,4.6495557E-2,A_B_check_hard_miss,A,N,N,Y,,标注纤维化不典型，建议剔除,E:\project\ORO\runsTemp\manual_review_package_20260724\images\01_tta_worst\049_tta_049_dice_0.1809_19_212_E1202_18_3_jpg.rf.7223de565978f12f274a5fa46c20af6a.jpg,E:\project\ORO\runsTemp\manual_review_package_20260724\images\01_tta_worst\049_no_tta_047_dice_0.1344_19_212_E1202_18_3_jpg.rf.7223de565978f12f274a5fa46c20af6a.jpg,49,9.9455573000000005E-2,7.2053984000000001E-2,1,1,0,0,0,0,2.3271500000000001E-4,0.180917859077453,9.9455573000000005E-2,0,16045,17817,1772,2.1879175677895501E-2,1,1,0,0,0,0,2.6169399999999998E-4,1,1,0,0,0,0,3.42667E-4,yes,yes
01_tta_worst,50,16_224_603_160_51_jpg.rf.8bd1b0196d14aab81ab1996f708b89d9.jpg,16_224_603_160_51_jpg.rf.8bd1b0196d14aab81ab1996f708b89d9.npz,0.18369531631469699,8.4210527440120496E-11,0.18369531623048599,B_or_C_check_class2,A,N,N,Y,,炎症区域不典型,E:\project\ORO\runsTemp\manual_review_package_20260724\images\01_tta_worst\050_tta_050_dice_0.1837_16_224_603_160_51_jpg.rf.8bd1b0196d14aab81ab1996f708b89d9.jpg,E:\project\ORO\runsTemp\manual_review_package_20260724\images\01_tta_worst\050_no_tta_013_dice_0.0000_16_224_603_160_51_jpg.rf.8bd1b0196d14aab81ab1996f708b89d9.jpg,50,0.10113684087991701,8.4210527440120496E-11,1,1,0,0,0,0,2.4873400000000002E-4,1,1,0,0,0,0,5.00096E-4,0.18369531631469699,0.10113684087991701,0,10674,11875,1201,7.2018430000000003E-3,1,1,0,0,0,0,3.51288E-4,yes,yes
02_tta_harmful,1,16_253_308_34_4_jpg.rf.c1487d1c8a92bde85994cfc673ce448b.jpg,16_253_308_34_4_jpg.rf.c1487d1c8a92bde85994cfc673ce448b.npz,5.1450300000000003E-4,0.533300340175628,-0.53278583800000001,D_check_TTA_harm,,,,,,,E:\project\ORO\runsTemp\manual_review_package_20260724\images\02_tta_harmful\001_tta_038_dice_0.0005_16_253_308_34_4_jpg.rf.c1487d1c8a92bde85994cfc673ce448b.jpg,,38,2.5731799999999998E-4,0.36360567808151201,1,1,0,0,0,0,2.4587900000000001E-4,5.1450300000000003E-4,2.5731799999999998E-4,28,31054,31062,36,3.2341073999999997E-2,1,1,0,0,0,0,2.4777799999999998E-4,1,1,0,0,0,0,3.9535599999999997E-4,yes,no
02_tta_harmful,2,18_217_217_55_27_jpg.rf.c8c6793df4c6cec985c6a6d41de79679.jpg,18_217_217_55_27_jpg.rf.c8c6793df4c6cec985c6a6d41de79679.npz,1.4841199102999499E-10,0.52572172880172696,-0.52572172900000003,D_check_TTA_harm,,,,,,,E:\project\ORO\runsTemp\manual_review_package_20260724\images\02_tta_harmful\002_tta_026_dice_0.0000_18_217_217_55_27_jpg.rf.c8c6793df4c6cec985c6a6d41de79679.jpg,,26,1.4841199102999499E-10,0.35659599304199202,1,1,0,0,0,0,2.2651600000000001E-4,1,1,0,0,0,0,4.9385200000000003E-4,1.4841199102999499E-10,1.4841199102999499E-10,0,6738,6738,0,4.7746300000000002E-3,1,1,0,0,0,0,3.6106300000000001E-4,yes,no
02_tta_harmful,3,17_209_102_7_20_jpg.rf.4a5f66fe8e059247765f7a15a2c05d1a.jpg,17_209_102_7_20_jpg.rf.4a5f66fe8e059247765f7a15a2c05d1a.npz,1.91828122830806E-10,0.42364680767059298,-0.42364680700000001,D_check_TTA_harm,,,,,,,E:\project\ORO\runsTemp\manual_review_package_20260724\images\02_tta_harmful\003_tta_032_dice_0.0000_17_209_102_7_20_jpg.rf.4a5f66fe8e059247765f7a15a2c05d1a.jpg,,32,1.91828122830806E-10,0.26875120401382402,1,1,0,0,0,0,2.2211E-4,1,1,0,0,0,0,4.8924400000000001E-4,1.91828122830806E-10,1.91828122830806E-10,0,5213,5213,0,2.2475730000000001E-3,1,1,0,0,0,0,3.5291899999999999E-4,yes,no
02_tta_harmful,4,18_229_Masson_202_114_21_jpg.rf.872a5ff476a33cc073e82272cb705d77.jpg,18_229_Masson_202_114_21_jpg.rf.872a5ff476a33cc073e82272cb705d77.npz,0.59883022308349598,0.88806039094924905,-0.28923016800000001,D_check_TTA_harm,,,,,,,,,145,0.42737877400000002,0.798658847808837,0.59883022308349598,0.42737877400000002,5480,9541,20752,16691,7.8646733999999996E-2,1,1,0,0,0,0,3.5820200000000001E-4,1,1,0,0,0,0,2.0046199999999999E-4,1,1,0,0,0,0,3.7764E-4,no,no
02_tta_harmful,5,207_7_8_58_jpg.rf.29404cb3c4f003a6f840033fbe630b69.jpg,207_7_8_58_jpg.rf.29404cb3c4f003a6f840033fbe630b69.npz,0.51593732800000003,0.79400157900000001,-0.27806425099999998,D_check_TTA_harm,,,,,,,,,116,0.347651988267898,0.65837699174880904,1,1,0,0,0,0,2.9573400000000003E-4,1,1,0,0,0,0,3.33863E-4,1,1,0,0,0,0,1.6936499999999999E-4,0.51593732800000003,0.347651988267898,2097,3279,6144,4962,2.8214266523718799E-2,no,no
02_tta_harmful,6,16_224_606_183_17_jpg.rf.9dbff09ae04884e51ba929474514b246.jpg,16_224_606_183_17_jpg.rf.9dbff09ae04884e51ba929474514b246.npz,1.5349194137925699E-10,0.266124486923217,-0.26612448700000002,D_check_TTA_harm,,,,,,,E:\project\ORO\runsTemp\manual_review_package_20260724\images\02_tta_harmful\006_tta_029_dice_0.0000_16_224_606_183_17_jpg.rf.9dbff09ae04884e51ba929474514b246.jpg,,29,1.5349194137925699E-10,0.153485342860221,1,1,0,0,0,0,2.5277399999999999E-4,1,1,0,0,0,0,4.4187499999999999E-4,1.5349194137925699E-10,1.5349194137925699E-10,413,6102,6102,413,4.548435E-3,1,1,0,0,0,0,3.4562500000000001E-4,yes,no
02_tta_harmful,7,18_229_Masson_201_69_27_jpg.rf.6e44c9ee4998a3b67dbaa1a9f603215b.jpg,18_229_Masson_201_69_27_jpg.rf.6e44c9ee4998a3b67dbaa1a9f603215b.npz,0.64769369363784701,0.907198905944824,-0.25950521199999999,D_check_TTA_harm,,,,,,,,,163,0.47895488142967202,0.83015924692153897,0.64769369363784701,0.47895488142967202,0,12045,23117,11072,4.9778450000000002E-2,1,1,0,0,0,0,4.8363699999999998E-4,1,1,0,0,0,0,1.3498570000000001E-3,1,1,0,0,0,0,3.6251499999999999E-4,no,no
02_tta_harmful,8,201_8_5_6_jpg.rf.bfc22135a0d0a5d10f695ddfa187c2df.jpg,201_8_5_6_jpg.rf.bfc22135a0d0a5d10f695ddfa187c2df.npz,0.71077793836593595,0.91593456268310502,-0.20515662400000001,D_check_TTA_harm,,,,,,,,,205,0.55132311582565297,0.84490710496902399,1,1,0,0,0,0,2.9821300000000003E-4,1,1,0,0,0,0,3.4094099999999999E-4,1,1,0,0,0,0,1.74382E-4,0.71077793836593595,0.55132311582565297,4481,419,6440,10502,5.4036505999999998E-2,no,no
02_tta_harmful,9,18_217_218_52_19_jpg.rf.da1105a5715869b41a541300b146a345.jpg,18_217_218_52_19_jpg.rf.da1105a5715869b41a541300b146a345.npz,0.22464910149574199,0.428246289491653,-0.20359718800000001,D_check_TTA_harm,,,,,,,,,52,0.12653785943984899,0.27246397733688299,1,1,0,0,0,0,2.4401800000000001E-4,1,1,0,0,0,0,5.2869699999999996E-4,0.22464910149574199,0.12653785943984899,6048,15606,18743,9185,4.8625904999999997E-2,1,1,0,0,0,0,4.2047800000000001E-4,no,no
02_tta_harmful,10,201_3_22_52_jpg.rf.a0a0484c47c5cf11c5e1d34d2e5da7b8.jpg,201_3_22_52_jpg.rf.a0a0484c47c5cf11c5e1d34d2e5da7b8.npz,2.3908573038022799E-11,0.200987339019775,-0.20098733899999999,D_check_TTA_harm,,,,,,,E:\project\ORO\runsTemp\manual_review_package_20260724\images\02_tta_harmful\010_tta_001_dice_0.0000_201_3_22_52_jpg.rf.a0a0484c47c5cf11c5e1d34d2e5da7b8.jpg,,1,2.3908573038022799E-11,0.11172091960906901,1,1,0,0,0,0,2.8037299999999999E-4,1,1,0,0,0,0,3.5144899999999999E-4,1,1,0,0,0,0,1.7347200000000001E-4,2.3908573038022799E-11,2.3908573038022799E-11,36572,5254,5254,36572,0.15731725096702501,yes,no
02_tta_harmful,11,18_217_217_61_3_jpg.rf.796a92d7705456e2df5f25fd30371603.jpg,18_217_217_61_3_jpg.rf.796a92d7705456e2df5f25fd30371603.npz,0.45443016290664601,0.64950895309448198,-0.19507879,review,,,,,,,,,89,0.29402112960815402,0.48094281554222101,1,1,0,0,0,0,2.6148700000000003E-4,1,1,0,0,0,0,5.1388099999999999E-4,0.45443016290664601,0.29402112960815402,9397,14266,24121,19252,9.3514061999999995E-2,1,1,0,0,0,0,4.7666899999999999E-4,no,no
02_tta_harmful,12,18_228_Masson_505_103_29_jpg.rf.d31432afa0950965e1395e8a0c17aaac.jpg,18_228_Masson_505_103_29_jpg.rf.d31432afa0950965e1395e8a0c17aaac.npz,0.7697114944458,0.95762223000000002,-0.18791073599999999,review,,,,,,,,,265,0.62563496828079201,0.918690204620361,0.7697114944458,0.62563496828079201,346,4739,13237,8844,4.7240991000000003E-2,1,1,0,0,0,0,3.6154500000000001E-4,1,1,0,0,0,0,1.8841800000000001E-4,1,1,0,0,0,0,3.6290200000000002E-4,no,no
02_tta_harmful,13,205_6_10_25_jpg.rf.7ad5894e088229e82a750707f62bddd5.jpg,205_6_10_25_jpg.rf.7ad5894e088229e82a750707f62bddd5.npz,0.78489595651626498,0.95644414424896196,-0.17154818799999999,review,,,,,,,,,284,0.64594960212707497,0.91652417182922297,1,1,0,0,0,0,2.8231600000000001E-4,1,1,0,0,0,0,3.3748799999999999E-4,1,1,0,0,0,0,1.7151699999999999E-4,0.78489595651626498,0.64594960212707497,4223,790,9936,13369,7.5457185999999996E-2,no,no
02_tta_harmful,14,18_217_217_64_23_jpg.rf.f719b993024ad8ab816629426b394ba6.jpg,18_217_217_64_23_jpg.rf.f719b993024ad8ab816629426b394ba6.npz,1.2650221148380299E-10,0.17031739652156799,-0.17031739600000001,B_or_C_check_class2,,,,,,,E:\project\ORO\runsTemp\manual_review_package_20260724\images\02_tta_harmful\014_tta_019_dice_0.0000_18_217_217_64_23_jpg.rf.f719b993024ad8ab816629426b394ba6.jpg,E:\project\ORO\runsTemp\manual_review_package_20260724\images\02_tta_harmful\014_no_tta_050_dice_0.1703_18_217_217_64_23_jpg.rf.f719b993024ad8ab816629426b394ba6.jpg,19,1.2650221148380299E-10,9.3085758000000005E-2,1,1,0,0,0,0,2.39874E-4,1,1,0,0,0,0,4.81824E-4,1.2650221148380299E-10,1.2650221148380299E-10,0,7905,7905,0,3.4776210000000002E-3,1,1,0,0,0,0,3.74039E-4,yes,yes
02_tta_harmful,15,201_9_14_16_jpg.rf.5ca69141b03c9b4188037eabf2d40108.jpg,201_9_14_16_jpg.rf.5ca69141b03c9b4188037eabf2d40108.npz,0.66187596321105902,0.82830113172531095,-0.16642516900000001,review,,,,,,,,,170,0.49462977051734902,0.70692324600000001,1,1,0,0,0,0,2.8922399999999998E-4,1,1,0,0,0,0,3.7482800000000001E-4,1,1,0,0,0,0,1.7841800000000001E-4,0.66187596321105902,0.49462977051734902,2090,12120,26028,15998,0.120630875229835,no,no
02_tta_harmful,16,18_229_Masson_202_146_19_jpg.rf.4a0f66f0d2bba68a8c5c5969ce5e110e.jpg,18_229_Masson_202_146_19_jpg.rf.4a0f66f0d2bba68a8c5c5969ce5e110e.npz,0.57140326499938898,0.71790879964828402,-0.14650553499999999,review,,,,,,,,,134,0.39997521042823703,0.55995142459869296,0.57140326499938898,0.39997521042823703,7768,21287,40655,27136,0.13875682651996599,1,1,0,0,0,0,4.1200200000000002E-4,1,1,0,0,0,0,2.3367E-4,1,1,0,0,0,0,4.0701300000000001E-4,no,no
02_tta_harmful,17,17_209_102_7_23_jpg.rf.8c18606c2ef97a837b4b203f3ca7c05d.jpg,17_209_102_7_23_jpg.rf.8c18606c2ef97a837b4b203f3ca7c05d.npz,0.49149689078330899,0.62433665990829401,-0.132839769,review,,,,,,,,,105,0.32581761479377702,0.45384407043456998,1,1,0,0,0,0,2.39161E-4,1,1,0,0,0,0,4.9570300000000001E-4,0.49149689078330899,0.32581761479377702,2692,12109,19262,9845,5.7514876E-2,1,1,0,0,0,0,4.0360899999999998E-4,no,no
02_tta_harmful,18,18_229_Masson_202_68_44_jpg.rf.bf76a2a0ad4e747e3b17703499c227c0.jpg,18_229_Masson_202_68_44_jpg.rf.bf76a2a0ad4e747e3b17703499c227c0.npz,0.78620690107345503,0.91259461641311601,-0.12638771500000001,review,,,,,,,,,286,0.647727251052856,0.83924049139022805,0.78620690107345503,0.647727251052856,2880,3,5304,8181,3.5301242023706401E-2,1,1,0,0,0,0,3.4382500000000002E-4,1,1,0,0,0,0,1.97395E-4,1,1,0,0,0,0,3.7334800000000002E-4,no,no
02_tta_harmful,19,15_242_211_19_12_jpg.rf.24346c158d307b8abd6a8a8c1806971c.jpg,15_242_211_19_12_jpg.rf.24346c158d307b8abd6a8a8c1806971c.npz,0.70352017879485995,0.82842618199999996,-0.124906003,review,,,,,,,,,200,0.542638719081878,0.70710539817810003,1,1,0,0,0,0,2.2110200000000001E-4,0.70352017879485995,0.542638719081878,788,5015,11900,7673,3.3465533999999998E-2,1,1,0,0,0,0,2.3589800000000001E-4,1,1,0,0,0,0,3.3045900000000002E-4,no,no
02_tta_harmful,20,15_242_208_35_15_jpg.rf.d3f29dc7822472e8c37283bf4936684f.jpg,15_242_208_35_15_jpg.rf.d3f29dc7822472e8c37283bf4936684f.npz,0.53574854135513295,0.65904116599999996,-0.123292625,review,,,,,,,,,128,0.36588561534881497,0.49147012829780501,1,1,0,0,0,0,2.48213E-4,0.53574854135513295,0.36588561534881497,17763,25320,50179,42622,0.19844211637973699,1,1,0,0,0,0,2.5067399999999999E-4,1,1,0,0,0,0,4.2993799999999999E-4,no,no
02_tta_harmful,21,18_228_Masson_208_74_29_jpg.rf.6d5b52e499204e305cb4e9f832a8b696.jpg,18_228_Masson_208_74_29_jpg.rf.6d5b52e499204e305cb4e9f832a8b696.npz,0.52197301387786799,0.64146703481674106,-0.11949402100000001,review,,,,,,,,,121,0.353155255,0.472176253795623,0.52197301387786799,0.353155255,7,11012,17028,6023,2.5075124576687799E-2,1,1,0,0,0,0,5.2409199999999998E-4,1,1,0,0,0,0,8.31645E-4,1,1,0,0,0,0,3.6112500000000001E-4,no,no
02_tta_harmful,22,18_217_218_56_9_jpg.rf.114d3c528c981b79debcffcfba265f55.jpg,18_217_218_56_9_jpg.rf.114d3c528c981b79debcffcfba265f55.npz,0.526772201061248,0.64164859056472701,-0.11487638999999999,review,,,,,,,,,123,0.35756331699999999,0.47237303853034901,1,1,0,0,0,0,2.5085299999999999E-4,1,1,0,0,0,0,4.54146E-4,0.526772201061248,0.35756331699999999,289,9424,14830,5695,2.5984097000000001E-2,1,1,0,0,0,0,3.9278700000000002E-4,no,no
02_tta_harmful,23,16_224_603_158_40_jpg.rf.e3d83becffaa7e5ec17a3807b0e68d55.jpg,16_224_603_158_40_jpg.rf.e3d83becffaa7e5ec17a3807b0e68d55.npz,0.724110007286071,0.837624371051788,-0.11351436400000001,review,,,,,,,,,217,0.56753331422805697,0.72061419486999501,1,1,0,0,0,0,2.61458E-4,1,1,0,0,0,0,4.76422E-4,0.724110007286071,0.56753331422805697,507,1539,4224,3192,2.2358897999999999E-2,1,1,0,0,0,0,3.9837999999999999E-4,no,no
02_tta_harmful,24,201_9_4_63_jpg.rf.a0b10a572131c02f44db72107507c9ec.jpg,201_9_4_63_jpg.rf.a0b10a572131c02f44db72107507c9ec.npz,0.48672479391098,0.59803116321563698,-0.111306369,review,,,,,,,,,102,0.32163664698600702,0.42656522989272999,1,1,0,0,0,0,2.88984E-4,1,1,0,0,0,0,3.5203900000000001E-4,1,1,0,0,0,0,1.75086E-4,0.48672479391098,0.32163664698600702,3684,11801,19143,11026,5.8870397999999997E-2,no,no
02_tta_harmful,25,15_242_212_20_16_jpg.rf.8b5cfd09b2f702ff24af05445113e1e6.jpg,15_242_212_20_16_jpg.rf.8b5cfd09b2f702ff24af05445113e1e6.npz,0.32166430354118303,0.432332754135131,-0.110668451,review,,,,,,,,,63,0.191656723618507,0.27578094601631098,1,1,0,0,0,0,2.43188E-4,0.32166430354118303,0.191656723618507,15263,7757,13215,20721,9.5525666999999995E-2,1,1,0,0,0,0,2.2611300000000001E-4,1,1,0,0,0,0,3.75244E-4,no,no
02_tta_harmful,26,18_229_Masson_201_17_16_jpg.rf.bdc0aecc8dc6b010e0382150bea43a1e.jpg,18_229_Masson_201_17_16_jpg.rf.bdc0aecc8dc6b010e0382150bea43a1e.npz,0.50131070613860995,0.61192494600000003,-0.11061424,review,,,,,,,,,111,0.33449941873550398,0.44084423780441201,0.50131070613860995,0.33449941873550398,13258,10712,22760,25306,0.14415654540061901,1,1,0,0,0,0,4.42426E-4,1,1,0,0,0,0,2.3597000000000001E-4,1,1,0,0,0,0,4.0283499999999999E-4,no,no
02_tta_harmful,27,203_2_9_59_jpg.rf.8d698f47365eec7058a137e04c9624af.jpg,203_2_9_59_jpg.rf.8d698f47365eec7058a137e04c9624af.npz,0.77920025587081898,0.87661802768707198,-9.7417772E-2,review,,,,,,,,,281,0.63827037799999997,0.78033834695815996,1,1,0,0,0,0,2.77392E-4,1,1,0,0,0,0,3.2368499999999999E-4,1,1,0,0,0,0,1.6529500000000001E-4,0.77920025587081898,0.63827037799999997,7934,741,16048,23241,9.6629485000000001E-2,no,no
02_tta_harmful,28,18_228_Masson_208_65_50_jpg.rf.a8ede7a56a73f763622720fb67812fc6.jpg,18_228_Masson_208_65_50_jpg.rf.a8ede7a56a73f763622720fb67812fc6.npz,0.75871944427490201,0.85365390777587802,-9.4934463999999996E-2,review,,,,,,,,,250,0.611239314079284,0.74467384815215998,0.75871944427490201,0.611239314079284,2776,88,4591,7279,2.8704253999999998E-2,1,1,0,0,0,0,3.3770700000000002E-4,1,1,0,0,0,0,1.9419500000000001E-4,1,1,0,0,0,0,3.6698299999999998E-4,no,no
02_tta_harmful,29,207_4_6_50_jpg.rf.88904ba297f849ae84df95900d5f3384.jpg,207_4_6_50_jpg.rf.88904ba297f849ae84df95900d5f3384.npz,0.83681029100000004,0.93004435300827004,-9.3234062000000006E-2,review,,,,,,,,,338,0.71940994262695301,0.86923635005950906,1,1,0,0,0,0,2.8150000000000001E-4,1,1,0,0,0,0,3.4045599999999999E-4,1,1,0,0,0,0,1.7170299999999999E-4,0.83681029100000004,0.71940994262695301,509,7556,28234,21187,9.9670528999999994E-2,no,no
02_tta_harmful,30,18_217_217_51_6_jpg.rf.cbf35fe70230dbd98b899f57b71253c0.jpg,18_217_217_51_6_jpg.rf.cbf35fe70230dbd98b899f57b71253c0.npz,8.0411705072336304E-11,9.2420167999999997E-2,-9.2420167999999997E-2,B_or_C_check_class2,,,,,,,E:\project\ORO\runsTemp\manual_review_package_20260724\images\02_tta_harmful\030_tta_013_dice_0.0000_18_217_217_51_6_jpg.rf.cbf35fe70230dbd98b899f57b71253c0.jpg,E:\project\ORO\runsTemp\manual_review_package_20260724\images\02_tta_harmful\030_no_tta_044_dice_0.0924_18_217_217_51_6_jpg.rf.cbf35fe70230dbd98b899f57b71253c0.jpg,13,8.0411705072336304E-11,4.8448913000000003E-2,1,1,0,0,0,0,2.3892100000000001E-4,1,1,0,0,0,0,4.82234E-4,8.0411705072336304E-11,8.0411705072336304E-11,0,12436,12436,0,4.458638E-3,1,1,0,0,0,0,3.83266E-4,yes,yes
03_class2_hard,1,18_217_218_52_20_jpg.rf.1af96ac9534792faefad1703f33057e3.jpg,18_217_218_52_20_jpg.rf.1af96ac9534792faefad1703f33057e3.npz,6.1678898100048204E-11,7.1767807000000003E-2,-7.1767807000000003E-2,B_or_C_check_class2,,,,,,,E:\project\ORO\runsTemp\manual_review_package_20260724\images\03_class2_hard\001_tta_008_dice_0.0000_18_217_218_52_20_jpg.rf.1af96ac9534792faefad1703f33057e3.jpg,E:\project\ORO\runsTemp\manual_review_package_20260724\images\03_class2_hard\001_no_tta_041_dice_0.0718_18_217_218_52_20_jpg.rf.1af96ac9534792faefad1703f33057e3.jpg,8,6.1678898100048204E-11,3.7219487000000002E-2,1,1,0,0,0,0,2.45004E-4,1,1,0,0,0,0,5.0407900000000005E-4,6.1678898100048204E-11,6.1678898100048204E-11,7025,9188,9188,7025,3.4049692999999999E-2,1,1,0,0,0,0,4.1326500000000001E-4,yes,yes
03_class2_hard,2,18_217_218_54_22_jpg.rf.5317b45b2825f45463bcf0b45ef0c9a6.jpg,18_217_218_54_22_jpg.rf.5317b45b2825f45463bcf0b45ef0c9a6.npz,6.8166326749885503E-11,1.00826777482687E-10,-3.2700000000000001E-11,B_or_C_check_class2,,,,,,,E:\project\ORO\runsTemp\manual_review_package_20260724\images\03_class2_hard\002_tta_010_dice_0.0000_18_217_218_54_22_jpg.rf.5317b45b2825f45463bcf0b45ef0c9a6.jpg,E:\project\ORO\runsTemp\manual_review_package_20260724\images\03_class2_hard\002_no_tta_016_dice_0.0000_18_217_218_54_22_jpg.rf.5317b45b2825f45463bcf0b45ef0c9a6.jpg,10,6.8166326749885503E-11,1.00826777482687E-10,1,1,0,0,0,0,2.4474799999999998E-4,1,1,0,0,0,0,5.0032899999999999E-4,6.8166326749885503E-11,6.8166326749885503E-11,6392,8278,8278,6392,3.0316533520817701E-2,1,1,0,0,0,0,3.9789600000000001E-4,yes,yes
03_class2_hard,3,18_219_206_53_21_jpg.rf.f7896ecea2d6193ad842ce21e32614c3.jpg,18_219_206_53_21_jpg.rf.f7896ecea2d6193ad842ce21e32614c3.npz,7.4654719905975497E-11,5.3398837435159001E-11,2.12558824708164E-11,B_or_C_check_class2,,,,,,,E:\project\ORO\runsTemp\manual_review_package_20260724\images\03_class2_hard\003_tta_011_dice_0.0000_18_219_206_53_21_jpg.rf.f7896ecea2d6193ad842ce21e32614c3.jpg,E:\project\ORO\runsTemp\manual_review_package_20260724\images\03_class2_hard\003_no_tta_007_dice_0.0000_18_219_206_53_21_jpg.rf.f7896ecea2d6193ad842ce21e32614c3.jpg,11,7.4654719905975497E-11,5.3398837435159001E-11,1,1,0,0,0,0,6.0235840000000002E-3,1,1,0,0,0,0,3.7003399999999999E-4,7.4654719905975497E-11,7.4654719905975497E-11,67,13328,13328,67,6.6244000000000003E-4,1,1,0,0,0,0,3.66592E-4,yes,yes
03_class2_hard,4,18_217_217_51_6_jpg.rf.cbf35fe70230dbd98b899f57b71253c0.jpg,18_217_217_51_6_jpg.rf.cbf35fe70230dbd98b899f57b71253c0.npz,8.0411705072336304E-11,9.2420167999999997E-2,-9.2420167999999997E-2,B_or_C_check_class2,,,,,,,E:\project\ORO\runsTemp\manual_review_package_20260724\images\03_class2_hard\004_tta_013_dice_0.0000_18_217_217_51_6_jpg.rf.cbf35fe70230dbd98b899f57b71253c0.jpg,E:\project\ORO\runsTemp\manual_review_package_20260724\images\03_class2_hard\004_no_tta_044_dice_0.0924_18_217_217_51_6_jpg.rf.cbf35fe70230dbd98b899f57b71253c0.jpg,13,8.0411705072336304E-11,4.8448913000000003E-2,1,1,0,0,0,0,2.3892100000000001E-4,1,1,0,0,0,0,4.82234E-4,8.0411705072336304E-11,8.0411705072336304E-11,0,12436,12436,0,4.458638E-3,1,1,0,0,0,0,3.83266E-4,yes,yes
03_class2_hard,5,16_224_603_160_41_jpg.rf.16d345140514dc1a1af7b2fa01bb9539.jpg,16_224_603_160_41_jpg.rf.16d345140514dc1a1af7b2fa01bb9539.npz,9.0735870206248796E-11,1.10192839056253E-2,-1.1019284000000001E-2,B_or_C_check_class2,,,,,,,E:\project\ORO\runsTemp\manual_review_package_20260724\images\03_class2_hard\005_tta_014_dice_0.0000_16_224_603_160_41_jpg.rf.16d345140514dc1a1af7b2fa01bb9539.jpg,E:\project\ORO\runsTemp\manual_review_package_20260724\images\03_class2_hard\005_no_tta_035_dice_0.0110_16_224_603_160_41_jpg.rf.16d345140514dc1a1af7b2fa01bb9539.jpg,14,9.0735870206248796E-11,5.540166E-3,1,1,0,0,0,0,2.5664399999999999E-4,1,1,0,0,0,0,4.7009999999999999E-4,9.0735870206248796E-11,9.0735870206248796E-11,0,11021,11021,0,1.5505932E-2,1,1,0,0,0,0,3.7883600000000002E-4,yes,yes
03_class2_hard,6,18_217_217_62_1_jpg.rf.f3d0b4b397bdf2eefd02e85a512e50b4.jpg,18_217_217_62_1_jpg.rf.f3d0b4b397bdf2eefd02e85a512e50b4.npz,1.0098969577265701E-10,2.028106E-2,-2.028106E-2,B_or_C_check_class2,,,,,,,E:\project\ORO\runsTemp\manual_review_package_20260724\images\03_class2_hard\006_tta_016_dice_0.0000_18_217_217_62_1_jpg.rf.f3d0b4b397bdf2eefd02e85a512e50b4.jpg,E:\project\ORO\runsTemp\manual_review_package_20260724\images\03_class2_hard\006_no_tta_037_dice_0.0203_18_217_217_62_1_jpg.rf.f3d0b4b397bdf2eefd02e85a512e50b4.jpg,16,1.0098969577265701E-10,1.02444142103195E-2,1,1,0,0,0,0,2.4477400000000001E-4,1,1,0,0,0,0,5.2662300000000004E-4,1.0098969577265701E-10,1.0098969577265701E-10,4142,5760,5760,4142,3.5133969000000001E-2,1,1,0,0,0,0,4.1591399999999998E-4,yes,yes
03_class2_hard,7,18_228_Masson_207_33_21_jpg.rf.fa459fb908f502b94970b1867b4321fd.jpg,18_228_Masson_207_33_21_jpg.rf.fa459fb908f502b94970b1867b4321fd.npz,3.8375930905276599E-11,3.81359180345874E-11,2.4001287068919897E-13,B_or_C_check_class2,,,,,,,E:\project\ORO\runsTemp\manual_review_package_20260724\images\03_class2_hard\007_tta_005_dice_0.0000_18_228_Masson_207_33_21_jpg.rf.fa459fb908f502b94970b1867b4321fd.jpg,E:\project\ORO\runsTemp\manual_review_package_20260724\images\03_class2_hard\007_no_tta_004_dice_0.0000_18_228_Masson_207_33_21_jpg.rf.fa459fb908f502b94970b1867b4321fd.jpg,5,3.8375930905276599E-11,3.81359180345874E-11,5.6850482654802102E-11,5.6850482654802102E-11,17590,0,0,17590,7.6672300999999998E-2,1,1,0,0,0,0,3.45924E-4,1.1809163369402799E-10,1.1809163369402799E-10,0,8468,8468,0,2.3373600000000001E-4,1,1,0,0,0,0,4.0043400000000002E-4,yes,yes
03_class2_hard,8,18_219_208_50_7_jpg.rf.9c206cc9c51976566adb31964a912234.jpg,18_219_208_50_7_jpg.rf.9c206cc9c51976566adb31964a912234.npz,1.2351777933794399E-10,5.6433410028366902E-11,6.70843693095779E-11,B_or_C_check_class2,,,,,,,E:\project\ORO\runsTemp\manual_review_package_20260724\images\03_class2_hard\008_tta_018_dice_0.0000_18_219_208_50_7_jpg.rf.9c206cc9c51976566adb31964a912234.jpg,E:\project\ORO\runsTemp\manual_review_package_20260724\images\03_class2_hard\008_no_tta_008_dice_0.0000_18_219_208_50_7_jpg.rf.9c206cc9c51976566adb31964a912234.jpg,18,1.2351777933794399E-10,5.6433410028366902E-11,1,1,0,0,0,0,2.6380700000000002E-4,1,1,0,0,0,0,3.77809E-4,1.2351777933794399E-10,1.2351777933794399E-10,0,8096,8096,0,1.0820313356816699E-2,1,1,0,0,0,0,3.7569600000000002E-4,yes,yes
03_class2_hard,9,18_217_217_64_23_jpg.rf.f719b993024ad8ab816629426b394ba6.jpg,18_217_217_64_23_jpg.rf.f719b993024ad8ab816629426b394ba6.npz,1.2650221148380299E-10,0.17031739652156799,-0.17031739600000001,B_or_C_check_class2,,,,,,,E:\project\ORO\runsTemp\manual_review_package_20260724\images\03_class2_hard\009_tta_019_dice_0.0000_18_217_217_64_23_jpg.rf.f719b993024ad8ab816629426b394ba6.jpg,E:\project\ORO\runsTemp\manual_review_package_20260724\images\03_class2_hard\009_no_tta_050_dice_0.1703_18_217_217_64_23_jpg.rf.f719b993024ad8ab816629426b394ba6.jpg,19,1.2650221148380299E-10,9.3085758000000005E-2,1,1,0,0,0,0,2.39874E-4,1,1,0,0,0,0,4.81824E-4,1.2650221148380299E-10,1.2650221148380299E-10,0,7905,7905,0,3.4776210000000002E-3,1,1,0,0,0,0,3.74039E-4,yes,yes
03_class2_hard,10,18_219_206_47_11_jpg.rf.8579f1db5fdbf16323f63367e7fdef60.jpg,18_219_206_47_11_jpg.rf.8579f1db5fdbf16323f63367e7fdef60.npz,1.4120304925313501E-10,2.3525960000000002E-3,-2.3525949999999999E-3,B_or_C_check_class2,,,,,,,E:\project\ORO\runsTemp\manual_review_package_20260724\images\03_class2_hard\010_tta_022_dice_0.0000_18_219_206_47_11_jpg.rf.8579f1db5fdbf16323f63367e7fdef60.jpg,E:\project\ORO\runsTemp\manual_review_package_20260724\images\03_class2_hard\010_no_tta_034_dice_0.0024_18_219_206_47_11_jpg.rf.8579f1db5fdbf16323f63367e7fdef60.jpg,22,1.4120304925313501E-10,1.1776829999999999E-3,1,1,0,0,0,0,2.56032E-4,1,1,0,0,0,0,4.8349500000000002E-4,1.4120304925313501E-10,1.4120304925313501E-10,1014,6068,6068,1014,1.3043404999999999E-2,1,1,0,0,0,0,3.7063599999999998E-4,yes,yes
03_class2_hard,11,18_217_217_55_27_jpg.rf.c8c6793df4c6cec985c6a6d41de79679.jpg,18_217_217_55_27_jpg.rf.c8c6793df4c6cec985c6a6d41de79679.npz,1.4841199102999499E-10,0.52572172880172696,-0.52572172900000003,D_check_TTA_harm,,,,,,,E:\project\ORO\runsTemp\manual_review_package_20260724\images\03_class2_hard\011_tta_026_dice_0.0000_18_217_217_55_27_jpg.rf.c8c6793df4c6cec985c6a6d41de79679.jpg,,26,1.4841199102999499E-10,0.35659599304199202,1,1,0,0,0,0,2.2651600000000001E-4,1,1,0,0,0,0,4.9385200000000003E-4,1.4841199102999499E-10,1.4841199102999499E-10,0,6738,6738,0,4.7746300000000002E-3,1,1,0,0,0,0,3.6106300000000001E-4,yes,no
03_class2_hard,12,16_224_101_110_46_jpg.rf.d81abddbf53d16a14492824d98ee6c69.jpg,16_224_101_110_46_jpg.rf.d81abddbf53d16a14492824d98ee6c69.npz,1.5163002797802201E-10,1.5163002797802201E-10,0,B_or_C_check_class2,,,,,,,E:\project\ORO\runsTemp\manual_review_package_20260724\images\03_class2_hard\012_tta_027_dice_0.0000_16_224_101_110_46_jpg.rf.d81abddbf53d16a14492824d98ee6c69.jpg,E:\project\ORO\runsTemp\manual_review_package_20260724\images\03_class2_hard\012_no_tta_026_dice_0.0000_16_224_101_110_46_jpg.rf.d81abddbf53d16a14492824d98ee6c69.jpg,27,1.5163002797802201E-10,1.5163002797802201E-10,1,1,0,0,0,0,2.1472200000000001E-4,1,1,0,0,0,0,5.1236800000000002E-4,1.5163002797802201E-10,1.5163002797802201E-10,0,6595,6595,0,7.2819570000000004E-3,1,1,0,0,0,0,3.70403E-4,yes,yes
03_class2_hard,13,18_219_208_49_8_jpg.rf.26a93d179bb3294982c01ce7e7a41dcd.jpg,18_219_208_49_8_jpg.rf.26a93d179bb3294982c01ce7e7a41dcd.npz,1.53327198160191E-10,1.53327198160191E-10,0,B_or_C_check_class2,,,,,,,E:\project\ORO\runsTemp\manual_review_package_20260724\images\03_class2_hard\013_tta_028_dice_0.0000_18_219_208_49_8_jpg.rf.26a93d179bb3294982c01ce7e7a41dcd.jpg,E:\project\ORO\runsTemp\manual_review_package_20260724\images\03_class2_hard\013_no_tta_027_dice_0.0000_18_219_208_49_8_jpg.rf.26a93d179bb3294982c01ce7e7a41dcd.jpg,28,1.53327198160191E-10,1.53327198160191E-10,1,1,0,0,0,0,2.6274399999999998E-4,1,1,0,0,0,0,4.5356699999999999E-4,1.53327198160191E-10,1.53327198160191E-10,0,6522,6522,0,1.4949338E-2,1,1,0,0,0,0,4.0348400000000001E-4,yes,yes
03_class2_hard,14,16_224_606_183_17_jpg.rf.9dbff09ae04884e51ba929474514b246.jpg,16_224_606_183_17_jpg.rf.9dbff09ae04884e51ba929474514b246.npz,1.5349194137925699E-10,0.266124486923217,-0.26612448700000002,D_check_TTA_harm,,,,,,,E:\project\ORO\runsTemp\manual_review_package_20260724\images\03_class2_hard\014_tta_029_dice_0.0000_16_224_606_183_17_jpg.rf.9dbff09ae04884e51ba929474514b246.jpg,,29,1.5349194137925699E-10,0.153485342860221,1,1,0,0,0,0,2.5277399999999999E-4,1,1,0,0,0,0,4.4187499999999999E-4,1.5349194137925699E-10,1.5349194137925699E-10,413,6102,6102,413,4.548435E-3,1,1,0,0,0,0,3.4562500000000001E-4,yes,no
03_class2_hard,15,18_219_208_47_23_jpg.rf.d810af158793a9a6def617ab06576dd3.jpg,18_219_208_47_23_jpg.rf.d810af158793a9a6def617ab06576dd3.npz,1.4585764540608799E-10,1.4048889829254501E-10,5.3687471135432897E-12,B_or_C_check_class2,,,,,,,E:\project\ORO\runsTemp\manual_review_package_20260724\images\03_class2_hard\015_tta_023_dice_0.0000_18_219_208_47_23_jpg.rf.d810af158793a9a6def617ab06576dd3.jpg,E:\project\ORO\runsTemp\manual_review_package_20260724\images\03_class2_hard\015_no_tta_023_dice_0.0000_18_219_208_47_23_jpg.rf.d810af158793a9a6def617ab06576dd3.jpg,23,1.4585764540608799E-10,1.4048889829254501E-10,1.3297872802908701E-9,1.3297872802908701E-9,752,0,0,752,1.3841603882610701E-2,1,1,0,0,0,0,4.26286E-4,1.63826993637705E-10,1.63826993637705E-10,2399,3705,3705,2399,1.0323745E-2,1,1,0,0,0,0,3.8743000000000002E-4,yes,yes
03_class2_hard,16,17_209_102_7_20_jpg.rf.4a5f66fe8e059247765f7a15a2c05d1a.jpg,17_209_102_7_20_jpg.rf.4a5f66fe8e059247765f7a15a2c05d1a.npz,1.91828122830806E-10,0.42364680767059298,-0.42364680700000001,D_check_TTA_harm,,,,,,,E:\project\ORO\runsTemp\manual_review_package_20260724\images\03_class2_hard\016_tta_032_dice_0.0000_17_209_102_7_20_jpg.rf.4a5f66fe8e059247765f7a15a2c05d1a.jpg,,32,1.91828122830806E-10,0.26875120401382402,1,1,0,0,0,0,2.2211E-4,1,1,0,0,0,0,4.8924400000000001E-4,1.91828122830806E-10,1.91828122830806E-10,0,5213,5213,0,2.2475730000000001E-3,1,1,0,0,0,0,3.5291899999999999E-4,yes,no
03_class2_hard,17,18_219_208_52_25_jpg.rf.01e9383a1102c9e384ce0e013dfcd7ab.jpg,18_219_208_52_25_jpg.rf.01e9383a1102c9e384ce0e013dfcd7ab.npz,2.2356359818953499E-10,2.2356359818953499E-10,0,B_or_C_check_class2,,,,,,,E:\project\ORO\runsTemp\manual_review_package_20260724\images\03_class2_hard\017_tta_033_dice_0.0000_18_219_208_52_25_jpg.rf.01e9383a1102c9e384ce0e013dfcd7ab.jpg,E:\project\ORO\runsTemp\manual_review_package_20260724\images\03_class2_hard\017_no_tta_029_dice_0.0000_18_219_208_52_25_jpg.rf.01e9383a1102c9e384ce0e013dfcd7ab.jpg,33,2.2356359818953499E-10,2.2356359818953499E-10,1,1,0,0,0,0,2.5111600000000001E-4,1,1,0,0,0,0,3.9766900000000002E-4,2.2356359818953499E-10,2.2356359818953499E-10,0,4473,4473,0,4.8498399999999999E-4,1,1,0,0,0,0,3.82605E-4,yes,yes
03_class2_hard,18,18_219_208_49_21_jpg.rf.758f8a1ddb3ed57e97a0f14e9d262981.jpg,18_219_208_49_21_jpg.rf.758f8a1ddb3ed57e97a0f14e9d262981.npz,3.3602151616740602E-10,8.2747204921407302E-11,2.5327431124599799E-10,B_or_C_check_class2,,,,,,,E:\project\ORO\runsTemp\manual_review_package_20260724\images\03_class2_hard\018_tta_037_dice_0.0000_18_219_208_49_21_jpg.rf.758f8a1ddb3ed57e97a0f14e9d262981.jpg,E:\project\ORO\runsTemp\manual_review_package_20260724\images\03_class2_hard\018_no_tta_012_dice_0.0000_18_219_208_49_21_jpg.rf.758f8a1ddb3ed57e97a0f14e9d262981.jpg,37,3.3602151616740602E-10,8.2747204921407302E-11,1,1,0,0,0,0,9.6753310000000006E-3,1,1,0,0,0,0,4.51058E-4,3.3602151616740602E-10,3.3602151616740602E-10,0,2976,2976,0,8.1709509999999992E-3,1,1,0,0,0,0,4.2132900000000002E-4,yes,yes
03_class2_hard,19,17_209_102_6_26_jpg.rf.8474901f98f2d28915a3bcf1363dfac2.jpg,17_209_102_6_26_jpg.rf.8474901f98f2d28915a3bcf1363dfac2.npz,1.0427528992295199E-2,3.49406004129804E-10,1.04275286428892E-2,B_or_C_check_class2,,,,,,,E:\project\ORO\runsTemp\manual_review_package_20260724\images\03_class2_hard\019_tta_039_dice_0.0104_17_209_102_6_26_jpg.rf.8474901f98f2d28915a3bcf1363dfac2.jpg,E:\project\ORO\runsTemp\manual_review_package_20260724\images\03_class2_hard\019_no_tta_033_dice_0.0000_17_209_102_6_26_jpg.rf.8474901f98f2d28915a3bcf1363dfac2.jpg,39,5.2410900000000003E-3,3.49406004129804E-10,1,1,0,0,0,0,2.21521E-4,1,1,0,0,0,0,5.3922300000000002E-4,1.0427528992295199E-2,5.2410900000000003E-3,0,2847,2862,15,4.8174059999999998E-3,1,1,0,0,0,0,3.69663E-4,yes,yes
03_class2_hard,20,17_209_102_6_30_jpg.rf.ec7a893c9423a9fe8922f3e4ec021293.jpg,17_209_102_6_30_jpg.rf.ec7a893c9423a9fe8922f3e4ec021293.npz,1.4657980762422E-2,5.3223867000000001E-2,-3.8565886000000001E-2,B_or_C_check_class2,,,,,,,E:\project\ORO\runsTemp\manual_review_package_20260724\images\03_class2_hard\020_tta_040_dice_0.0147_17_209_102_6_30_jpg.rf.ec7a893c9423a9fe8922f3e4ec021293.jpg,E:\project\ORO\runsTemp\manual_review_package_20260724\images\03_class2_hard\020_no_tta_039_dice_0.0532_17_209_102_6_30_jpg.rf.ec7a893c9423a9fe8922f3e4ec021293.jpg,40,7.3831010000000004E-3,2.7339490000000001E-2,1,1,0,0,0,0,2.3809699999999999E-4,1,1,0,0,0,0,4.8619100000000002E-4,1.4657980762422E-2,7.3831010000000004E-3,1752,6718,6781,1815,2.35193967819213E-2,1,1,0,0,0,0,3.86812E-4,yes,yes
03_class2_hard,21,17_234_212_75_30_jpg.rf.603fa53c4bbc5886d7b8fc19c7aed559.jpg,17_234_212_75_30_jpg.rf.603fa53c4bbc5886d7b8fc19c7aed559.npz,6.2248412519693298E-2,8.9664473999999994E-2,-2.7416062000000001E-2,B_or_C_check_class2,,,,,,,E:\project\ORO\runsTemp\manual_review_package_20260724\images\03_class2_hard\021_tta_043_dice_0.0622_17_234_212_75_30_jpg.rf.603fa53c4bbc5886d7b8fc19c7aed559.jpg,E:\project\ORO\runsTemp\manual_review_package_20260724\images\03_class2_hard\021_no_tta_043_dice_0.0897_17_234_212_75_30_jpg.rf.603fa53c4bbc5886d7b8fc19c7aed559.jpg,43,3.2124042999999998E-2,4.6936504542827599E-2,1,1,0,0,0,0,2.4034100000000001E-4,1,1,0,0,0,0,4.9601099999999998E-4,6.2248412519693298E-2,3.2124042999999998E-2,4,22593,23343,754,2.4438624999999999E-2,1,1,0,0,0,0,3.7487700000000002E-4,yes,yes
03_class2_hard,22,18_217_218_52_28_jpg.rf.e264348e72524fd9bfbeb64db1f3e1d1.jpg,18_217_218_52_28_jpg.rf.e264348e72524fd9bfbeb64db1f3e1d1.npz,6.2333036214113201E-2,0.109777264297008,-4.7444227999999998E-2,B_or_C_check_class2,,,,,,,E:\project\ORO\runsTemp\manual_review_package_20260724\images\03_class2_hard\022_tta_044_dice_0.0623_18_217_218_52_28_jpg.rf.e264348e72524fd9bfbeb64db1f3e1d1.jpg,E:\project\ORO\runsTemp\manual_review_package_20260724\images\03_class2_hard\022_no_tta_046_dice_0.1098_18_217_218_52_28_jpg.rf.e264348e72524fd9bfbeb64db1f3e1d1.jpg,44,3.2169119000000003E-2,5.8076362999999999E-2,1,1,0,0,0,0,2.4526300000000001E-4,1,1,0,0,0,0,4.8626300000000002E-4,6.2333036214113201E-2,3.2169119000000003E-2,4176,8460,8880,4596,2.94525027275085E-2,1,1,0,0,0,0,3.8470900000000001E-4,yes,yes
03_class2_hard,23,18_217_212_55_2_jpg.rf.429e1a907d4fd09b0516c0cf959f6785.jpg,18_217_212_55_2_jpg.rf.429e1a907d4fd09b0516c0cf959f6785.npz,0.15199258923530501,1.3267878462563901E-10,0.15199258900000001,B_or_C_check_class2,,,,,,,E:\project\ORO\runsTemp\manual_review_package_20260724\images\03_class2_hard\023_tta_045_dice_0.1520_18_217_212_55_2_jpg.rf.429e1a907d4fd09b0516c0cf959f6785.jpg,E:\project\ORO\runsTemp\manual_review_package_20260724\images\03_class2_hard\023_no_tta_020_dice_0.0000_18_217_212_55_2_jpg.rf.429e1a907d4fd09b0516c0cf959f6785.jpg,45,8.2246742999999997E-2,1.3267878462563901E-10,1,1,0,0,0,0,2.6289299999999999E-4,1,1,0,0,0,0,4.4061099999999999E-4,0.15199258923530501,8.2246742999999997E-2,2861,4459,5115,3517,2.6999041438102701E-2,1,1,0,0,0,0,4.0821999999999999E-4,yes,yes
03_class2_hard,24,18_217_217_53_7_jpg.rf.90981208c4c9d68dc01dee098e37672a.jpg,18_217_217_53_7_jpg.rf.90981208c4c9d68dc01dee098e37672a.npz,0.16428324580192499,0.18084964156150801,-1.6566396000000001E-2,B_or_C_check_class2,,,,,,,E:\project\ORO\runsTemp\manual_review_package_20260724\images\03_class2_hard\024_tta_047_dice_0.1643_18_217_217_53_7_jpg.rf.90981208c4c9d68dc01dee098e37672a.jpg,,47,8.9492700999999994E-2,9.9414348999999999E-2,1,1,0,0,0,0,2.4060299999999999E-4,1,1,0,0,0,0,5.1294600000000002E-4,0.16428324580192499,8.9492700999999994E-2,10020,9382,11289,11927,5.3732354000000003E-2,1,1,0,0,0,0,3.9413300000000002E-4,yes,no
03_class2_hard,25,16_224_603_160_51_jpg.rf.8bd1b0196d14aab81ab1996f708b89d9.jpg,16_224_603_160_51_jpg.rf.8bd1b0196d14aab81ab1996f708b89d9.npz,0.18369531631469699,8.4210527440120496E-11,0.18369531623048599,B_or_C_check_class2,,,,,,,E:\project\ORO\runsTemp\manual_review_package_20260724\images\03_class2_hard\025_tta_050_dice_0.1837_16_224_603_160_51_jpg.rf.8bd1b0196d14aab81ab1996f708b89d9.jpg,E:\project\ORO\runsTemp\manual_review_package_20260724\images\03_class2_hard\025_no_tta_013_dice_0.0000_16_224_603_160_51_jpg.rf.8bd1b0196d14aab81ab1996f708b89d9.jpg,50,0.10113684087991701,8.4210527440120496E-11,1,1,0,0,0,0,2.4873400000000002E-4,1,1,0,0,0,0,5.00096E-4,0.18369531631469699,0.10113684087991701,0,10674,11875,1201,7.2018430000000003E-3,1,1,0,0,0,0,3.51288E-4,yes,yes
03_class2_hard,26,16_224_603_160_52_jpg.rf.4330192f0b514c6eba2b75f6827f4138.jpg,16_224_603_160_52_jpg.rf.4330192f0b514c6eba2b75f6827f4138.npz,0.215260550379753,0.27935123443603499,-6.4090683999999995E-2,B_or_C_check_class2,,,,,,,,,51,0.120611749589443,0.16235227882861999,1,1,0,0,0,0,2.5310600000000001E-4,1,1,0,0,0,0,4.8899200000000005E-4,0.215260550379753,0.120611749589443,3846,8804,10539,5581,1.9125245999999999E-2,1,1,0,0,0,0,3.7048400000000003E-4,no,no
03_class2_hard,27,18_217_218_52_19_jpg.rf.da1105a5715869b41a541300b146a345.jpg,18_217_218_52_19_jpg.rf.da1105a5715869b41a541300b146a345.npz,0.22464910149574199,0.428246289491653,-0.20359718800000001,D_check_TTA_harm,,,,,,,,,52,0.12653785943984899,0.27246397733688299,1,1,0,0,0,0,2.4401800000000001E-4,1,1,0,0,0,0,5.2869699999999996E-4,0.22464910149574199,0.12653785943984899,6048,15606,18743,9185,4.8625904999999997E-2,1,1,0,0,0,0,4.2047800000000001E-4,no,no
03_class2_hard,28,18_217_217_62_6_jpg.rf.dd40d309dbb000f607302c82566a2827.jpg,18_217_217_62_6_jpg.rf.dd40d309dbb000f607302c82566a2827.npz,0.25581115484237599,4.3485370000000002E-2,0.212325785309076,B_or_C_check_class2,,,,,,,,E:\project\ORO\runsTemp\manual_review_package_20260724\images\03_class2_hard\028_no_tta_038_dice_0.0435_18_217_217_62_6_jpg.rf.dd40d309dbb000f607302c82566a2827.jpg,54,0.146664828062057,2.2225935012102099E-2,1,1,0,0,0,0,2.4624199999999998E-4,1,1,0,0,0,0,4.6755400000000002E-4,0.25581115484237599,0.146664828062057,4495,7863,9987,6619,3.1154233999999999E-2,1,1,0,0,0,0,4.1432799999999999E-4,no,yes
03_class2_hard,29,18_217_217_55_17_jpg.rf.617ef63e9b0b66890a091f00150dd362.jpg,18_217_217_55_17_jpg.rf.617ef63e9b0b66890a091f00150dd362.npz,0.25808927416801403,0.324343591928482,-6.6254318000000006E-2,B_or_C_check_class2,,,,,,,,,55,0.14816446602344499,0.19356210529804199,1,1,0,0,0,0,2.4326E-4,1,1,0,0,0,0,4.71943E-4,0.25808927416801403,0.14816446602344499,2718,14685,17712,5745,2.6048336178064301E-2,1,1,0,0,0,0,4.1700899999999998E-4,no,no
03_class2_hard,30,18_217_218_57_16_jpg.rf.8453040828a61285544f80ab328be522.jpg,18_217_218_57_16_jpg.rf.8453040828a61285544f80ab328be522.npz,0.26413398981094299,9.9436618000000004E-2,0.164697371423244,B_or_C_check_class2,,,,,,,,E:\project\ORO\runsTemp\manual_review_package_20260724\images\03_class2_hard\030_no_tta_045_dice_0.0994_18_217_218_57_16_jpg.rf.8453040828a61285544f80ab328be522.jpg,56,0.152162656188011,5.2319549E-2,1,1,0,0,0,0,2.4182899999999999E-4,1,1,0,0,0,0,5.1293599999999997E-4,0.26413398981094299,0.152162656188011,5682,865,2040,6857,4.6315737000000003E-2,1,1,0,0,0,0,4.3791499999999998E-4,no,yes
